match_id,radiant_win,start_time,duration,leagueid,radiant_score,dire_score,radiant_team_id,radiant_team_name,dire_team_id,dire_team_name,series_id,series_type,total_kills,game_speed_categorize
8712056091,True,2026-03-01 18:10:52,47.22,19269,32,31,8291895,,9467224,,1069888.0,2.0,63,Late
8711970053,True,2026-03-01 17:07:03,31.98,19269,37,8,9467224,,8291895,,1069888.0,2.0,45,Normal
8711885801,False,2026-03-01 16:08:54,28.18,19269,6,28,9467224,,8291895,,1069888.0,2.0,34,Fast
8711768658,False,2026-03-01 14:54:59,41.8,19269,11,37,9467224,,8291895,,1069888.0,2.0,48,Late
8711578057,True,2026-03-01 13:05:55,34.67,19269,30,15,9467224,,2163,,1069815.0,1.0,45,Normal
8711465051,True,2026-03-01 11:54:56,36.62,19269,26,8,9467224,,2163,,1069815.0,1.0,34,Normal
8710481024,True,2026-02-28 18:56:54,38.63,19269,32,16,8291895,,2163,,1069583.0,1.0,48,Normal
8710371476,False,2026-02-28 17:38:55,45.55,19269,14,45,2163,,8291895,,1069583.0,1.0,59,Late
8710260672,False,2026-02-28 16:23:55,29.15,19269,7,28,8261500,,9467224,,1069489.0,1.0,35,Fast
8710135523,False,2026-02-28 15:04:56,47.43,19269,20,32,8261500,,9467224,,1069489.0,1.0,52,Late
8710019404,False,2026-02-28 13:56:04,39.83,19269,20,24,9467224,,8261500,,1069489.0,1.0,44,Normal
8708807338,False,2026-02-27 16:52:01,67.4,19269,25,31,8261500,,9247354,,1069113.0,1.0,56,Late
8708690141,False,2026-02-27 15:29:00,40.53,19269,28,33,9338413,,9572001,,1069093.0,1.0,61,Late
8708689404,True,2026-02-27 15:27:03,51.63,19269,26,18,8261500,,9247354,,1069113.0,1.0,44,Late
8708568399,False,2026-02-27 14:07:55,48.0,19269,29,45,8261500,,9247354,,1069095.0,1.0,74,Late
8708565430,True,2026-02-27 14:24:10,32.42,19269,34,10,9572001,,9338413,,1069093.0,1.0,44,Normal
8708445472,False,2026-02-27 12:43:00,43.1,19269,19,36,8255888,,9467224,,1069053.0,1.0,55,Late
8708443393,False,2026-02-27 12:41:58,42.55,19269,12,40,8291895,,2163,,1069052.0,1.0,52,Late
8708368779,True,2026-02-27 11:40:58,29.55,19269,34,15,2163,,8291895,,1069052.0,1.0,49,Fast
8708347585,False,2026-02-27 11:21:00,49.25,19269,13,37,8255888,,9467224,,1069053.0,1.0,50,Late
8708294079,False,2026-02-27 10:25:00,25.68,19269,6,21,9467224,,8255888,,1069053.0,1.0,27,Fast
8708293887,True,2026-02-27 10:24:58,43.18,19269,32,36,8291895,,2163,,1069052.0,1.0,68,Late
8707906607,True,2026-02-27 00:10:35,41.52,19269,34,12,9572001,,9247354,,1068888.0,1.0,46,Late
8707867898,False,2026-02-26 22:59:00,40.93,19269,21,24,9572001,,9247354,,1068888.0,1.0,45,Late
8707822522,True,2026-02-26 21:52:00,35.28,19269,19,16,9572001,,9247354,,1068888.0,1.0,35,Normal
8707774059,True,2026-02-26 20:48:14,35.23,19269,29,14,8261500,,9467224,,1068799.0,1.0,43,Normal
8707662784,False,2026-02-26 19:07:00,52.45,19269,18,35,9467224,,8261500,,1068799.0,1.0,53,Late
8707575685,False,2026-02-26 17:55:00,41.18,19269,18,29,8261500,,9467224,,1068799.0,1.0,47,Late
8707467954,True,2026-02-26 16:31:56,30.67,19269,26,14,2163,,9338413,,1068739.0,1.0,40,Normal
8707360093,False,2026-02-26 15:14:57,45.8,19269,21,31,9338413,,2163,,1068739.0,1.0,52,Late
8707250597,False,2026-02-26 14:03:57,34.12,19269,12,30,2163,,9338413,,1068739.0,1.0,42,Normal
8707134142,True,2026-02-26 12:43:56,37.45,19269,34,15,8291895,,8255888,,1068706.0,1.0,49,Normal
8707039268,True,2026-02-26 11:24:55,47.55,19269,44,14,8255888,,8291895,,1068706.0,1.0,58,Late
8706982309,False,2026-02-26 10:24:56,27.8,19269,7,29,8255888,,8291895,,1068706.0,1.0,36,Fast
8706561733,True,2026-02-25 23:07:00,42.28,19269,36,24,9338413,,9467224,,1068571.0,1.0,60,Late
8706520721,True,2026-02-25 22:02:00,34.43,19269,34,21,9338413,,9467224,,1068571.0,1.0,55,Normal
8706467498,True,2026-02-25 20:54:01,37.23,19269,37,21,9467224,,9338413,,1068571.0,1.0,58,Normal
8706393740,True,2026-02-25 19:40:00,28.63,19269,23,12,8291895,,9247354,,,,35,Fast
8706315543,False,2026-02-25 18:33:00,35.3,19269,14,33,9247354,,8291895,,1068510.0,1.0,47,Normal
8706217180,False,2026-02-25 17:13:56,26.58,19269,13,28,9572001,,2163,,1068433.0,1.0,41,Fast
8706108597,False,2026-02-25 15:51:59,51.48,19269,25,29,9572001,,2163,,1068433.0,1.0,54,Late
8705985032,True,2026-02-25 14:25:56,54.8,19269,32,29,9572001,,2163,,1068433.0,1.0,61,Late
8705868819,False,2026-02-25 13:07:56,36.57,19269,11,30,8255888,,8261500,,1068381.0,1.0,41,Normal
8705770056,False,2026-02-25 11:48:56,49.48,19269,10,24,8261500,,8255888,,1068381.0,1.0,34,Late
8705689500,False,2026-02-25 10:24:57,52.48,19269,33,22,8255888,,8261500,,1068381.0,1.0,55,Late
8705234350,False,2026-02-24 22:16:22,41.87,19269,31,39,9467224,,2163,,1068197.0,1.0,70,Late
8705170081,True,2026-02-24 20:54:00,49.0,19269,43,30,9467224,,2163,,1068197.0,1.0,73,Late
8705093983,False,2026-02-24 19:39:00,39.48,19269,15,35,9467224,,2163,,1068197.0,1.0,50,Normal
8704994010,False,2026-02-24 18:15:00,43.63,19269,24,41,9338413,,9247354,,1068145.0,1.0,65,Late
8704911047,False,2026-02-24 17:10:00,33.47,19269,14,34,9338413,,9247354,,1068145.0,1.0,48,Normal
8704809958,True,2026-02-24 15:54:56,27.1,19269,33,5,8255888,,9572001,,1068110.0,1.0,38,Fast
8704672982,True,2026-02-24 14:21:57,62.07,19269,36,22,8255888,,9572001,,1068110.0,1.0,58,Late
8704584247,True,2026-02-24 13:24:58,24.05,19269,18,5,9572001,,8255888,,1068110.0,1.0,23,Fast
8704436647,False,2026-02-24 11:33:03,47.4,19269,16,40,8261500,,8291895,,1068081.0,1.0,56,Late
8704372110,False,2026-02-24 10:24:55,36.35,19269,15,24,8261500,,8291895,,1068081.0,1.0,39,Normal
8703862527,True,2026-02-23 21:16:00,26.02,19269,37,12,2163,,9247354,,1067962.0,1.0,49,Fast
8703811606,False,2026-02-23 20:22:00,21.18,19269,2,28,9247354,,2163,,1067962.0,1.0,30,Fast
8703682176,False,2026-02-23 18:29:00,69.17,19269,31,30,8291895,,9467224,,1067901.0,1.0,61,Late
8703596234,True,2026-02-23 17:22:00,34.35,19269,27,12,9467224,,8291895,,1067901.0,1.0,39,Normal
8703518862,False,2026-02-23 16:26:26,24.82,19269,3,28,9467224,,8291895,,1067901.0,1.0,31,Fast
8703354577,True,2026-02-23 14:33:58,33.63,19269,30,14,8261500,,9572001,,1067856.0,1.0,44,Normal
8703243107,False,2026-02-23 13:24:55,37.43,19269,10,31,9572001,,8261500,,1067856.0,1.0,41,Normal
8703101544,False,2026-02-23 11:50:57,37.6,19269,18,33,9338413,,8255888,,1067829.0,1.0,51,Normal
8702997623,True,2026-02-23 10:34:11,47.05,19269,28,30,8255888,,9338413,,1067829.0,1.0,58,Late
8702331491,True,2026-02-22 20:42:00,41.52,19269,41,7,9467224,,9247354,,1067597.0,1.0,48,Late
8702232936,True,2026-02-22 19:25:04,43.03,19269,45,20,9467224,,9247354,,1067597.0,1.0,65,Late
8702081221,True,2026-02-22 17:38:00,29.85,19269,39,8,2163,,8255888,,1067502.0,1.0,47,Fast
8701978003,False,2026-02-22 16:30:00,36.88,19269,12,17,8255888,,2163,,1067502.0,1.0,29,Normal
8701817219,True,2026-02-22 14:51:56,47.03,19269,42,20,8291895,,9572001,,1067405.0,1.0,62,Late
8701666212,False,2026-02-22 13:24:58,55.33,19269,28,24,9572001,,8291895,,1067405.0,1.0,52,Late
8701495156,False,2026-02-22 11:29:59,39.05,19269,15,32,9338413,,8261500,,1067332.0,1.0,47,Normal
8701415358,True,2026-02-22 10:25:34,32.82,19269,30,9,8261500,,9338413,,1067332.0,1.0,39,Normal
8700717009,False,2026-02-21 20:52:00,49.72,19269,19,36,8255888,,9247354,,1067120.0,1.0,55,Late
8700643559,False,2026-02-21 19:52:00,29.77,19269,14,28,8255888,,9247354,,1067120.0,1.0,42,Fast
8700519354,False,2026-02-21 18:22:00,44.58,19269,17,28,9572001,,9467224,,1067050.0,1.0,45,Late
8700405044,True,2026-02-21 17:09:00,42.08,19269,37,30,9467224,,9572001,,1067050.0,1.0,67,Late
8700287136,False,2026-02-21 15:50:56,27.38,19269,8,29,9338413,,8291895,,1066938.0,1.0,37,Fast
8700166436,False,2026-02-21 14:34:58,41.47,19269,24,31,8291895,,9338413,,1066938.0,1.0,55,Late
8700062110,False,2026-02-21 13:32:58,30.43,19269,10,29,9338413,,8291895,,1066938.0,1.0,39,Normal
8699897894,False,2026-02-21 11:31:00,25.17,19269,6,21,8261500,,2163,,1066888.0,1.0,27,Fast
8699819713,False,2026-02-21 10:25:15,34.22,19269,8,34,8261500,,2163,,1066888.0,1.0,42,Normal
8698996024,False,2026-02-20 19:21:40,61.67,19269,19,33,2586976,,8255888,,1066585.0,1.0,52,Late
8698904895,True,2026-02-20 17:49:57,41.87,19269,32,9,2586976,,8255888,,1066585.0,1.0,41,Late
8698782516,True,2026-02-20 16:29:56,50.08,19269,32,18,8255888,,2586976,,1066585.0,1.0,50,Late
8698668899,True,2026-02-20 15:01:00,47.07,19269,46,25,9247354,,8291895,,1066533.0,3.0,71,Late
8698660679,False,2026-02-20 14:57:57,38.77,19269,27,28,8261500,,9338413,,1066549.0,3.0,55,Normal
8698630441,False,2026-02-20 14:35:01,36.33,19269,18,28,8254145,,36,,1066534.0,3.0,46,Normal
8698613744,False,2026-02-20 14:26:00,35.85,19269,16,40,9964962,,7119388,,1066537.0,3.0,56,Normal
8698568968,False,2026-02-20 13:47:02,42.12,19269,8,24,9338413,,8261500,,1066549.0,3.0,32,Late
8698542436,True,2026-02-20 13:26:00,27.15,19269,26,2,9964962,,7119388,,1066537.0,3.0,28,Fast
8698519769,False,2026-02-20 13:25:00,42.92,19269,15,35,8254145,,36,,1066534.0,3.0,50,Late
8698519674,False,2026-02-20 13:25:00,62.58,19269,32,51,8291895,,9247354,,1066533.0,3.0,83,Late
8698438568,False,2026-02-20 12:00:00,44.37,19269,18,36,67,,2163,,1066507.0,3.0,54,Late
8698437169,True,2026-02-20 11:59:01,32.35,19269,43,20,9823272,,9467224,,1066508.0,3.0,63,Normal
8698436662,False,2026-02-20 12:02:55,63.92,19269,25,34,8255888,,2586976,,1066504.0,3.0,59,Late
8698428156,False,2026-02-20 11:58:00,29.9,19269,7,38,9351740,,9572001,,1066505.0,3.0,45,Fast
8698371604,True,2026-02-20 10:58:18,30.6,19269,34,16,9467224,,9823272,,1066508.0,3.0,50,Normal
8698371110,False,2026-02-20 10:55:39,33.32,19269,21,45,67,,2163,,1066507.0,3.0,66,Normal
8698367627,True,2026-02-20 10:55:00,27.72,19269,38,14,9572001,,9351740,,1066505.0,3.0,52,Fast
8698367105,True,2026-02-20 10:54:58,36.45,19269,25,12,2586976,,8255888,,1066504.0,3.0,37,Normal
8697789792,False,2026-02-19 20:26:00,32.52,19269,10,24,9338413,,9964962,,1066280.0,3.0,34,Normal
8697754563,True,2026-02-19 19:56:56,65.15,19269,31,24,8261500,,9247354,,1066269.0,3.0,55,Late
8697750242,False,2026-02-19 19:47:00,31.28,19269,9,30,36,,8291895,,1066267.0,3.0,39,Normal
8697723954,True,2026-02-19 19:32:00,26.8,19269,24,11,7119388,,8254145,,1066273.0,3.0,35,Fast
8697698749,False,2026-02-19 19:08:57,45.5,19269,13,24,9964962,,9338413,,1066280.0,3.0,37,Late
8697682487,False,2026-02-19 18:43:11,30.27,19269,6,29,8254145,,7119388,,1066273.0,3.0,35,Normal
8697681037,True,2026-02-19 18:41:58,34.9,19269,38,16,8291895,,36,,1066267.0,3.0,54,Normal
8697666126,False,2026-02-19 18:39:56,46.77,19269,20,33,8261500,,9247354,,1066269.0,3.0,53,Late
8697596107,False,2026-02-19 17:40:00,46.7,19269,21,18,9823272,,67,,1066214.0,3.0,39,Late
8697576851,True,2026-02-19 17:23:00,35.55,19269,44,11,9572001,,9467224,,1066213.0,3.0,55,Normal
8697564182,False,2026-02-19 17:20:56,37.92,19269,19,32,2586976,,2163,,1066207.0,3.0,51,Normal
8697542120,False,2026-02-19 17:05:59,42.47,19269,18,33,9351740,,8255888,,1066205.0,3.0,51,Late
8697485006,True,2026-02-19 16:23:04,45.15,19269,32,25,67,,9823272,,1066214.0,3.0,57,Late
8697483686,True,2026-02-19 16:20:00,31.2,19269,19,11,9467224,,9572001,,1066213.0,3.0,30,Normal
8697468814,True,2026-02-19 16:11:57,36.52,19269,33,13,2163,,2586976,,1066207.0,3.0,46,Normal
8697450883,True,2026-02-19 15:59:59,35.85,19269,27,17,8255888,,9351740,,1066205.0,3.0,44,Normal
8697361675,False,2026-02-19 14:47:00,44.32,19269,26,27,9964962,,8261500,,1066168.0,3.0,53,Late
8697344540,True,2026-02-19 14:39:03,49.72,19269,34,29,9338413,,36,,1066171.0,3.0,63,Late
8697341660,False,2026-02-19 14:37:55,44.07,19269,20,35,9247354,,7119388,,1066167.0,3.0,55,Late
8697328519,False,2026-02-19 14:28:59,42.57,19269,15,43,8254145,,8291895,,1066169.0,3.0,58,Late
8697269393,True,2026-02-19 13:42:00,27.15,19269,35,14,9338413,,36,,1066171.0,3.0,49,Fast
8697256357,True,2026-02-19 13:29:59,28.65,19269,28,5,8291895,,8254145,,1066169.0,3.0,33,Fast
8697255100,False,2026-02-19 13:25:17,52.45,19269,11,34,8261500,,9964962,,1066168.0,3.0,45,Late
8697249030,False,2026-02-19 13:24:58,41.23,19269,14,31,7119388,,9247354,,1066167.0,3.0,45,Late
8697190420,True,2026-02-19 12:28:00,32.45,19269,37,17,2163,,8255888,,1066161.0,3.0,54,Normal
8697171723,True,2026-02-19 12:10:00,33.92,19269,32,6,9467224,,2586976,,1066153.0,3.0,38,Normal
8697154213,False,2026-02-19 11:59:00,39.32,19269,13,43,9823272,,9572001,,1066151.0,3.0,56,Normal
8697151353,True,2026-02-19 11:54:59,58.12,19269,43,48,9351740,,67,,1066149.0,3.0,91,Late
8697096074,False,2026-02-19 10:56:59,39.33,19269,8,23,2586976,,9467224,,1066153.0,3.0,31,Normal
8697090294,False,2026-02-19 10:55:01,32.1,19269,5,23,9572001,,9823272,,1066151.0,3.0,28,Normal
8697089342,False,2026-02-19 10:55:01,60.48,19269,35,32,2163,,8255888,,1066150.0,3.0,67,Late
8697088694,True,2026-02-19 10:54:59,31.63,19269,30,16,9351740,,67,,1066149.0,3.0,46,Normal
8696528491,False,2026-02-18 20:15:59,41.28,19269,12,29,7119388,,8291895,,1065970.0,3.0,41,Late
8696488308,False,2026-02-18 19:33:08,36.68,19269,18,36,8261500,,36,,1065960.0,3.0,54,Normal
8696474752,False,2026-02-18 19:29:01,41.93,19269,13,34,9964962,,9247354,,1065958.0,3.0,47,Late
8696466009,False,2026-02-18 19:23:00,40.83,19269,19,31,8254145,,9338413,,1065959.0,3.0,50,Late
8696428864,True,2026-02-18 18:47:55,56.88,19269,29,48,8291895,,7119388,,1065970.0,3.0,77,Late
8696407511,True,2026-02-18 18:29:00,35.2,19269,20,8,36,,8261500,,1065960.0,3.0,28,Normal
8696400188,True,2026-02-18 18:25:01,24.95,19269,25,7,9338413,,8254145,,1065959.0,3.0,32,Fast
8696399585,True,2026-02-18 18:25:02,30.22,19269,31,15,9964962,,9247354,,1065958.0,3.0,46,Normal
8696317708,True,2026-02-18 17:17:00,30.9,19269,29,11,9467224,,2163,,1065906.0,3.0,40,Normal
8696315160,False,2026-02-18 17:17:59,50.25,19269,19,36,2586976,,9572001,,1065903.0,3.0,55,Late
8696295052,True,2026-02-18 17:03:00,42.85,19269,44,23,8255888,,67,,1065902.0,3.0,67,Late
8696286823,False,2026-02-18 16:57:01,43.18,19269,18,38,9823272,,9351740,,1065897.0,3.0,56,Late
8696228605,True,2026-02-18 16:09:48,35.77,19269,33,12,9467224,,2163,,1065906.0,3.0,45,Normal
8696218051,True,2026-02-18 16:03:55,42.07,19269,28,17,9572001,,2586976,,1065903.0,3.0,45,Late
8696216369,False,2026-02-18 15:58:02,34.22,19269,8,39,67,,8255888,,1065902.0,3.0,47,Normal
8696203572,False,2026-02-18 15:55:00,31.4,19269,10,30,9351740,,9823272,,,,40,Normal
8696122466,True,2026-02-18 14:53:00,26.5,19269,32,9,9338413,,9247354,,1065858.0,3.0,41,Fast
8696116685,False,2026-02-18 14:41:54,32.4,19269,11,26,36,,7119388,,1065857.0,3.0,37,Normal
8696105036,True,2026-02-18 14:35:03,30.58,19269,23,19,8291895,,9964962,,1065855.0,3.0,42,Normal
8696088640,False,2026-02-18 14:24:00,27.83,19269,4,34,8254145,,8261500,,1065852.0,3.0,38,Fast
8696032319,True,2026-02-18 13:42:00,40.67,19269,29,28,9338413,,9247354,,1065858.0,3.0,57,Late
8696025726,False,2026-02-18 13:26:59,45.8,19269,25,34,7119388,,36,,1065857.0,3.0,59,Late
8696016706,False,2026-02-18 13:28:06,35.32,19269,16,40,9964962,,8291895,,1065855.0,3.0,56,Normal
8696007524,False,2026-02-18 13:27:01,27.13,19269,16,32,8254145,,8261500,,1065852.0,3.0,48,Fast
8695945509,False,2026-02-18 12:12:13,35.4,19269,6,35,2586976,,67,,1065842.0,3.0,41,Normal
8695942998,True,2026-02-18 12:19:30,25.82,19269,26,15,9467224,,9351740,,1065835.0,3.0,41,Fast
8695931779,False,2026-02-18 12:04:01,41.37,19269,20,46,9823272,,8255888,,1065832.0,3.0,66,Late
8695931537,False,2026-02-18 12:10:00,49.3,19269,24,30,9572001,,2163,,1065831.0,3.0,54,Late
8695879068,True,2026-02-18 11:01:44,47.25,19269,42,28,9467224,,9351740,,1065835.0,3.0,70,Late
8695867426,True,2026-02-18 10:55:00,38.2,19269,27,16,8255888,,9823272,,1065832.0,3.0,43,Normal
8695864051,True,2026-02-18 10:55:00,43.55,19269,32,19,9572001,,2163,,1065831.0,3.0,51,Late
8695336368,True,2026-02-17 20:45:00,79.93,19269,34,28,8261500,,8291895,,1065668.0,3.0,62,Late
8695317896,False,2026-02-17 20:24:06,44.13,19269,17,28,9964962,,36,,1065653.0,3.0,45,Late
8695299239,False,2026-02-17 20:13:05,32.7,19269,13,44,8254145,,9247354,,1065638.0,3.0,57,Normal
8695261608,False,2026-02-17 19:40:15,32.75,19269,9,30,8261500,,8291895,,1065668.0,3.0,39,Normal
8695241710,False,2026-02-17 19:16:00,32.87,19269,12,30,9964962,,36,,1065653.0,3.0,42,Normal
8695219250,False,2026-02-17 19:02:09,41.5,19269,20,40,8254145,,9247354,,1065638.0,3.0,60,Late
8695177931,True,2026-02-17 18:21:00,32.05,19269,28,12,2586976,,9823272,,1065602.0,3.0,40,Normal
8695145808,True,2026-02-17 17:56:00,39.13,19269,29,14,9572001,,8255888,,1065583.0,3.0,43,Normal
8695126869,True,2026-02-17 17:44:00,34.08,19269,24,17,2163,,9351740,,1065588.0,3.0,41,Normal
8695096621,True,2026-02-17 17:21:01,28.53,19269,35,8,2586976,,9823272,,1065602.0,3.0,43,Fast
8695048813,False,2026-02-17 16:44:23,26.98,19269,12,26,9351740,,2163,,1065588.0,3.0,38,Fast
8695029034,False,2026-02-17 16:33:01,52.18,19269,22,27,8255888,,9572001,,1065583.0,3.0,49,Late
8694987925,False,2026-02-17 15:57:01,43.97,19269,16,37,36,,9247354,,1065561.0,3.0,53,Late
8694940772,False,2026-02-17 15:22:01,40.73,19269,20,26,9964962,,8254145,,1065552.0,3.0,46,Late
8694931163,True,2026-02-17 15:19:00,34.9,19269,27,18,9338413,,7119388,,1065556.0,3.0,45,Normal
8694893418,False,2026-02-17 14:51:31,33.83,19269,13,20,36,,9247354,,1065561.0,3.0,33,Normal
8694844159,False,2026-02-17 14:10:29,36.5,19269,16,25,9338413,,7119388,,1065556.0,3.0,41,Normal
8694827368,True,2026-02-17 14:02:34,43.53,19269,33,21,8254145,,9964962,,1065552.0,3.0,54,Late
8694763191,True,2026-02-17 13:11:28,55.55,19269,31,39,2163,,9823272,,1065531.0,3.0,70,Late
8694753345,False,2026-02-17 12:58:24,31.85,19269,16,23,67,,9467224,,1065529.0,3.0,39,Normal
8694745868,True,2026-02-17 12:58:04,23.2,19269,27,10,2586976,,9351740,,1065530.0,3.0,37,Fast
8694692688,True,2026-02-17 12:00:15,26.68,19269,38,9,2586976,,9351740,,1065530.0,3.0,47,Fast
8694627572,False,2026-02-17 11:55:02,37.57,19269,19,23,9823272,,2163,,1065531.0,3.0,42,Normal
8694620579,True,2026-02-17 11:54:59,30.13,19269,30,15,9467224,,67,,1065529.0,3.0,45,Normal
8694016846,True,2026-02-16 20:08:00,32.33,19269,28,21,9338413,,8291895,,1065356.0,3.0,49,Normal
8693948351,True,2026-02-16 19:11:02,24.18,19269,31,7,8291895,,9338413,,1065356.0,3.0,38,Fast
8693833533,False,2026-02-16 17:33:10,56.62,19269,28,42,8255888,,9467224,,1065279.0,3.0,70,Late
8693723587,True,2026-02-16 16:23:47,36.97,19269,34,17,9467224,,8255888,,1065279.0,3.0,51,Normal
8693593278,True,2026-02-16 14:40:00,51.53,19269,31,15,8261500,,7119388,,1065245.0,3.0,46,Late
8693504706,False,2026-02-16 13:29:04,39.75,19269,6,25,7119388,,8261500,,1065245.0,3.0,31,Normal
8693417171,False,2026-02-16 12:09:43,39.93,19269,17,42,67,,9572001,,1065226.0,3.0,59,Normal
8693354840,False,2026-02-16 10:55:43,29.42,19269,2,31,67,,9572001,,1065226.0,3.0,33,Fast
8573489164,True,2025-11-23 18:16:17,43.83,18920,32,16,9338413,,7119388,,1039213.0,2.0,48,Late
8573374192,True,2025-11-23 17:06:01,42.67,18920,37,12,7119388,,9338413,,1039213.0,2.0,49,Late
8573257030,True,2025-11-23 15:57:44,39.9,18920,20,14,9338413,,7119388,,1039213.0,2.0,34,Normal
8573136306,True,2025-11-23 14:53:34,35.32,18920,29,23,9338413,,7119388,,1039213.0,2.0,52,Normal
8572973892,False,2025-11-23 13:31:26,54.87,18920,24,36,9338413,,7119388,,1039213.0,2.0,60,Late
8572758153,True,2025-11-23 11:32:56,38.8,18920,42,22,9338413,,2163,,1039062.0,1.0,64,Normal
8572646777,False,2025-11-23 10:16:32,48.48,18920,23,29,9338413,,2163,,1039062.0,1.0,52,Late
8572546517,False,2025-11-23 09:04:45,38.77,18920,17,44,2163,,9338413,,1039062.0,1.0,61,Normal
8571700292,False,2025-11-22 19:07:34,29.8,18920,16,27,8255888,,9338413,,1038820.0,1.0,43,Fast
8571606565,True,2025-11-22 18:09:13,31.18,18920,34,16,9338413,,8255888,,1038820.0,1.0,50,Normal
8571495717,True,2025-11-22 17:05:15,36.4,18920,31,12,8255888,,9338413,,1038820.0,1.0,43,Normal
8571364449,False,2025-11-22 15:51:49,41.47,18920,21,28,2163,,7119388,,1038719.0,1.0,49,Late
8571247569,False,2025-11-22 14:52:40,29.22,18920,11,19,2163,,7119388,,1038719.0,1.0,30,Fast
8571126998,False,2025-11-22 13:50:27,31.12,18920,9,32,7119388,,2163,,1038719.0,1.0,41,Normal
8570969478,False,2025-11-22 12:21:16,51.98,18920,25,35,2586976,,9338413,,1038621.0,1.0,60,Late
8570874935,True,2025-11-22 11:19:13,35.57,18920,24,12,9338413,,2586976,,1038621.0,1.0,36,Normal
8570776037,False,2025-11-22 10:01:58,47.88,18920,7,25,9572001,,8255888,,1038555.0,1.0,32,Late
8570710804,True,2025-11-22 09:08:15,25.98,18920,16,8,9572001,,8255888,,1038555.0,1.0,24,Fast
8570633976,True,2025-11-22 08:00:14,36.87,18920,23,3,8255888,,9572001,,1038555.0,1.0,26,Normal
8570012520,True,2025-11-21 20:12:52,35.5,18920,19,26,2163,,2586976,,1038288.0,1.0,45,Normal
8569914503,True,2025-11-21 19:03:56,42.52,18920,38,25,2586976,,2163,,1038288.0,1.0,63,Late
8569788728,True,2025-11-21 17:40:54,65.27,18920,27,28,2163,,2586976,,1038288.0,1.0,55,Late
8569592391,False,2025-11-21 15:45:46,51.38,18920,18,35,9572001,,7119388,,1038192.0,1.0,53,Late
8569460372,True,2025-11-21 14:33:10,45.13,18920,21,11,7119388,,9572001,,1038192.0,1.0,32,Late
8569364606,True,2025-11-21 13:38:57,25.08,18920,27,2,9572001,,7119388,,1038192.0,1.0,29,Fast
8569237006,True,2025-11-21 12:17:59,39.8,18920,29,11,8255888,,8291895,,1038145.0,1.0,40,Normal
8569161346,True,2025-11-21 11:16:03,33.83,18920,27,8,8255888,,8291895,,1038145.0,1.0,35,Normal
8569093169,False,2025-11-21 10:12:18,35.0,18920,14,26,8255888,,8291895,,1038145.0,1.0,40,Normal
8569028066,True,2025-11-21 08:59:13,41.7,18920,35,25,9338413,,9303484,,1038129.0,1.0,60,Late
8568979829,False,2025-11-21 08:00:04,31.95,18920,16,29,9303484,,9338413,,1038129.0,1.0,45,Normal
8568316530,True,2025-11-20 18:15:53,39.38,18920,35,15,2163,,8291895,,1037873.0,1.0,50,Normal
8568207580,False,2025-11-20 17:02:35,42.78,18920,15,32,8291895,,2163,,1037873.0,1.0,47,Late
8568096717,False,2025-11-20 15:51:06,38.68,18920,13,33,8255888,,2586976,,1037800.0,1.0,46,Normal
8568000516,True,2025-11-20 14:50:33,32.87,18920,24,11,2586976,,8255888,,1037800.0,1.0,35,Normal
8567870841,True,2025-11-20 13:34:14,48.12,18920,27,12,8255888,,2586976,,1037800.0,1.0,39,Late
8567739646,False,2025-11-20 12:07:07,50.07,18920,22,32,9303484,,7119388,,1037746.0,1.0,54,Late
8567657243,False,2025-11-20 10:56:54,40.7,18920,10,34,9303484,,7119388,,1037746.0,1.0,44,Late
8567602441,False,2025-11-20 09:57:41,26.75,18920,5,30,9338413,,9572001,,1037733.0,1.0,35,Fast
8567561632,True,2025-11-20 09:07:08,26.55,18920,23,3,9338413,,9572001,,1037733.0,1.0,26,Fast
8567510660,False,2025-11-20 08:02:52,34.63,18920,21,33,9338413,,9572001,,1037733.0,1.0,54,Normal
8566721284,False,2025-11-19 16:35:59,62.72,18920,17,31,8261500,,9303484,,1037478.0,1.0,48,Late
8566575682,True,2025-11-19 15:02:15,65.17,18920,34,24,9303484,,8261500,,1037478.0,1.0,58,Late
8566440025,True,2025-11-19 13:41:02,55.12,18920,26,22,8261500,,9303484,,1037478.0,1.0,48,Late
8566338044,True,2025-11-19 12:34:40,37.2,18920,33,11,8255888,,9964962,,1037415.0,1.0,44,Normal
8566249805,False,2025-11-19 11:27:16,39.15,18920,12,24,9964962,,8255888,,1037415.0,1.0,36,Normal
8566178407,False,2025-11-19 10:20:26,37.53,18920,10,21,8255888,,9964962,,1037415.0,1.0,31,Normal
8566115708,True,2025-11-19 09:07:23,36.32,18920,36,14,8291895,,36,,1037406.0,1.0,50,Normal
8566063733,False,2025-11-19 08:00:25,37.97,18920,12,32,36,,8291895,,1037406.0,1.0,44,Normal
8565317670,True,2025-11-18 16:56:10,56.52,18920,29,30,9572001,,8255888,,1037129.0,1.0,59,Late
8565187933,False,2025-11-18 15:35:08,51.2,18920,13,23,7554697,,8261500,,1037104.0,1.0,36,Late
8565136926,True,2025-11-18 15:06:56,81.47,18920,34,34,9572001,,8255888,,1037129.0,1.0,68,Late
8565032937,True,2025-11-18 14:07:11,59.52,18920,31,21,8261500,,7554697,,1037104.0,1.0,52,Late
8564999206,True,2025-11-18 13:48:38,39.65,18920,37,16,2586976,,9303484,,1037044.0,1.0,53,Normal
8564902816,False,2025-11-18 12:50:16,44.73,18920,21,32,9640842,,8291895,,1037040.0,1.0,53,Late
8564890979,False,2025-11-18 12:43:13,37.9,18920,14,34,9303484,,2586976,,1037044.0,1.0,48,Normal
8564803818,False,2025-11-18 11:40:25,30.98,18920,5,16,2586976,,9303484,,1037044.0,1.0,21,Normal
8564790199,False,2025-11-18 11:31:26,49.13,18920,16,22,9640842,,8291895,,1037040.0,1.0,38,Late
8564717509,True,2025-11-18 10:20:24,38.83,18920,30,5,9964962,,9351740,,1037021.0,1.0,35,Normal
8564700209,True,2025-11-18 10:01:48,66.57,18920,43,25,9338413,,36,,1037020.0,1.0,68,Late
8564653658,True,2025-11-18 09:06:04,29.3,18920,29,10,9338413,,36,,1037020.0,1.0,39,Fast
8564647553,False,2025-11-18 08:59:03,54.58,18920,23,25,9964962,,9351740,,1037021.0,1.0,48,Late
8564599835,False,2025-11-18 08:03:09,28.18,18920,10,20,9351740,,9964962,,1037021.0,1.0,30,Fast
8564599807,False,2025-11-18 08:00:13,39.22,18920,16,22,9338413,,36,,1037020.0,1.0,38,Normal
8563854851,False,2025-11-17 17:24:06,30.83,18920,13,41,9928403,,7554697,,1036827.0,1.0,54,Normal
8563765883,False,2025-11-17 16:27:03,21.33,18920,5,37,2586976,,2163,,1036811.0,1.0,42,Fast
8563753696,False,2025-11-17 16:17:40,36.47,18920,8,41,9928403,,7554697,,1036827.0,1.0,49,Normal
8563649022,False,2025-11-17 15:17:07,35.57,18920,9,29,9885310,,9351740,,1036777.0,1.0,38,Normal
8563648513,True,2025-11-17 15:17:18,37.08,18920,31,10,2163,,2586976,,1036811.0,1.0,41,Normal
8563567049,True,2025-11-17 14:30:04,25.12,18920,40,9,9885310,,9351740,,1036777.0,1.0,49,Fast
8563511304,True,2025-11-17 14:00:30,42.8,18920,31,27,7119388,,8255888,,1036756.0,1.0,58,Late
8563461204,True,2025-11-17 13:29:03,38.73,18920,36,19,9351740,,9885310,,1036777.0,1.0,55,Normal
8563390941,True,2025-11-17 12:47:04,44.3,18920,34,11,7119388,,8255888,,1036756.0,1.0,45,Late
8563350554,False,2025-11-17 12:18:58,40.15,18920,22,20,9964962,,36,,1036725.0,1.0,42,Late
8563281917,True,2025-11-17 11:29:09,40.25,18920,39,15,9303484,,8291895,,1036716.0,1.0,54,Late
8563268789,False,2025-11-17 11:16:08,33.62,18920,12,21,9964962,,36,,1036725.0,1.0,33,Normal
8563210674,True,2025-11-17 10:22:00,36.35,18920,40,13,9303484,,8291895,,1036716.0,1.0,53,Normal
8563191677,False,2025-11-17 09:59:59,45.78,18920,31,37,8261500,,9338413,,1036703.0,1.0,68,Late
8563147439,False,2025-11-17 09:03:36,30.03,18920,19,33,8261500,,9338413,,1036703.0,1.0,52,Normal
8563144244,True,2025-11-17 09:06:30,32.0,18920,26,11,9572001,,9640842,,1036704.0,1.0,37,Normal
8563095458,True,2025-11-17 08:00:24,34.75,18920,23,10,9572001,,9640842,,1036704.0,1.0,33,Normal
8563095438,True,2025-11-17 08:01:43,34.25,18920,25,6,8261500,,9338413,,1036703.0,1.0,31,Normal
8562561579,True,2025-11-16 20:13:32,35.97,18920,28,12,2586976,,8291895,,1036491.0,1.0,40,Normal
8562458587,False,2025-11-16 19:03:23,38.07,18920,19,31,2586976,,8291895,,1036491.0,1.0,50,Normal
8562314380,True,2025-11-16 17:32:46,58.53,18920,47,16,2586976,,8291895,,1036491.0,1.0,63,Late
8562189069,True,2025-11-16 16:17:41,44.97,18920,37,12,9964962,,7554697,,1036420.0,1.0,49,Late
8562149011,True,2025-11-16 15:58:45,63.53,18920,32,20,8255888,,36,,1036417.0,1.0,52,Late
8562039870,True,2025-11-16 15:01:02,48.63,18920,32,15,9964962,,7554697,,1036420.0,1.0,47,Late
8562031459,True,2025-11-16 14:56:10,36.6,18920,23,13,8255888,,36,,1036417.0,1.0,36,Normal
8561894402,True,2025-11-16 13:50:11,40.0,18920,32,24,9303484,,9885310,,1036346.0,1.0,56,Normal
8561865161,False,2025-11-16 13:35:11,46.75,18920,30,53,9338413,,7119388,,1036285.0,1.0,83,Late
8561770671,False,2025-11-16 12:49:10,30.97,18920,11,29,9885310,,9303484,,1036346.0,1.0,40,Normal
8561739800,False,2025-11-16 12:31:35,33.2,18920,10,36,9338413,,7119388,,1036285.0,1.0,46,Normal
8561629941,False,2025-11-16 11:27:13,51.43,18920,18,24,9351740,,9640842,,1036255.0,1.0,42,Late
8561623439,True,2025-11-16 11:24:18,37.3,18920,34,16,9338413,,7119388,,1036285.0,1.0,50,Normal
8561521952,True,2025-11-16 10:16:08,46.3,18920,31,22,9640842,,9351740,,1036255.0,1.0,53,Late
8561497040,False,2025-11-16 09:58:18,51.43,18920,10,39,8261500,,2163,,1036200.0,1.0,49,Late
8561445240,True,2025-11-16 09:19:06,24.48,18920,26,11,9572001,,9928403,,1036199.0,1.0,37,Fast
8561413841,False,2025-11-16 08:55:01,35.25,18920,13,40,2163,,8261500,,1036200.0,1.0,53,Normal
8561344949,True,2025-11-16 08:01:17,25.12,18920,30,5,2163,,8261500,,1036200.0,1.0,35,Fast
8561344901,True,2025-11-16 08:00:32,49.32,18920,39,22,9572001,,9928403,,1036199.0,1.0,61,Late
8560525197,True,2025-11-15 18:57:26,30.52,18920,27,10,8291895,,7554697,,1035992.0,1.0,37,Normal
8560413451,False,2025-11-15 17:53:04,33.45,18920,8,25,7554697,,8291895,,1035992.0,1.0,33,Normal
8560307167,False,2025-11-15 16:54:15,28.45,18920,15,36,9351740,,7119388,,1035897.0,1.0,51,Fast
8560217159,False,2025-11-15 16:05:09,19.67,18920,7,25,9351740,,7119388,,1035897.0,1.0,32,Fast
8560168584,False,2025-11-15 15:40:43,39.4,18920,20,24,9303484,,36,,1035901.0,1.0,44,Normal
8560020571,False,2025-11-15 14:29:36,43.0,18920,12,26,9303484,,36,,1035901.0,1.0,38,Late
8560015897,True,2025-11-15 14:32:40,59.87,18920,35,15,9351740,,7119388,,1035897.0,1.0,50,Late
8559906209,True,2025-11-15 13:26:09,27.42,18920,28,5,8255888,,9640842,,1035800.0,1.0,33,Fast
8559865390,True,2025-11-15 13:04:08,51.07,18920,28,22,8261500,,9928403,,1035763.0,1.0,50,Late
8559761804,False,2025-11-15 12:03:10,29.87,18920,7,22,9640842,,8255888,,1035800.0,1.0,29,Fast
8559752687,True,2025-11-15 11:54:43,43.42,18920,36,22,8261500,,9928403,,1035763.0,1.0,58,Late
8559668848,False,2025-11-15 11:01:42,31.57,18920,7,26,9964962,,2163,,1035741.0,1.0,33,Normal
8559667418,False,2025-11-15 11:02:29,28.5,18920,4,17,8261500,,9928403,,1035763.0,1.0,21,Fast
8559581280,False,2025-11-15 09:56:40,35.03,18920,7,28,9964962,,2163,,1035741.0,1.0,35,Normal
8559540162,False,2025-11-15 09:19:53,71.37,18920,35,40,9572001,,2586976,,1035696.0,1.0,75,Late
8559508113,True,2025-11-15 08:57:09,26.32,18920,23,7,9338413,,9885310,,1035697.0,1.0,30,Fast
8559446465,False,2025-11-15 08:00:34,27.27,18920,8,37,9885310,,9338413,,1035697.0,1.0,45,Fast
8559446424,True,2025-11-15 08:01:41,49.0,18920,41,25,2586976,,9572001,,1035696.0,1.0,66,Late
8550292837,True,2025-11-09 12:19:19,56.65,17419,28,29,8291895,,9247354,,1033265.0,2.0,57,Late
8550149598,True,2025-11-09 10:55:14,46.35,17419,26,28,8291895,,9247354,,1033265.0,2.0,54,Late
8550072085,True,2025-11-09 09:39:05,26.73,17419,23,2,9247354,,8291895,,1033265.0,2.0,25,Fast
8549982041,True,2025-11-09 08:23:10,39.45,17419,40,20,8291895,,9247354,,1033265.0,2.0,60,Normal
8549890849,True,2025-11-09 07:01:44,38.72,17419,31,9,9247354,,8291895,,1033265.0,2.0,40,Normal
8548606633,False,2025-11-08 12:47:12,42.68,17419,12,37,9303484,,9247354,,1032843.0,1.0,49,Late
8548474254,False,2025-11-08 11:26:54,45.28,17419,8,29,9303484,,9247354,,1032843.0,1.0,37,Late
8548375305,False,2025-11-08 09:37:09,37.85,17419,22,32,9338413,,8291895,,1032762.0,1.0,54,Normal
8548286989,False,2025-11-08 08:20:52,41.07,17419,14,48,9338413,,8291895,,1032762.0,1.0,62,Late
8548193692,True,2025-11-08 07:01:08,36.88,17419,24,12,9338413,,8291895,,1032762.0,1.0,36,Normal
8547022523,True,2025-11-07 12:56:19,38.53,17419,23,19,9303484,,9467224,,1032436.0,1.0,42,Normal
8546927307,True,2025-11-07 11:43:13,33.25,17419,31,4,9303484,,9467224,,1032436.0,1.0,35,Normal
8546822765,True,2025-11-07 09:36:14,54.45,17419,43,24,9338413,,7119388,,1032405.0,1.0,67,Late
8546764667,False,2025-11-07 08:24:12,31.15,17419,18,43,9338413,,7119388,,1032405.0,1.0,61,Normal
8546708485,True,2025-11-07 06:59:21,47.68,17419,38,48,9338413,,7119388,,1032405.0,1.0,86,Late
8519475558,False,2025-10-19 19:48:27,31.48,17419,4,25,8255888,,7119388,,1025165.0,1.0,29,Normal
8519360897,True,2025-10-19 18:30:31,48.25,17419,36,18,8255888,,7119388,,1025165.0,1.0,54,Late
8519308618,True,2025-10-19 17:54:37,70.2,17419,47,42,9303484,,2163,,1025128.0,1.0,89,Late
8519267160,False,2025-10-19 17:32:58,29.22,17419,3,20,8255888,,7119388,,1025165.0,1.0,23,Fast
8519216231,False,2025-10-19 16:52:17,34.33,17419,4,24,2163,,9303484,,1025128.0,1.0,28,Normal
8519106301,True,2025-10-19 15:54:56,58.25,17419,33,28,9467224,,36,,1024997.0,1.0,61,Late
8519065594,False,2025-10-19 15:30:03,43.9,17419,20,29,9885654,,9338413,,1025042.0,1.0,49,Late
8518927868,True,2025-10-19 14:28:26,37.18,17419,33,13,9338413,,9885654,,1025042.0,1.0,46,Normal
8518915783,False,2025-10-19 14:13:19,73.55,17419,33,38,36,,9467224,,1024997.0,1.0,71,Late
8518809970,True,2025-10-19 13:21:13,30.83,17419,27,17,2163,,9351740,,1024931.0,1.0,44,Normal
8518787853,False,2025-10-19 13:11:19,33.37,17419,6,27,9467224,,36,,1024997.0,1.0,33,Normal
8518676242,False,2025-10-19 12:10:24,25.72,17419,2,28,8254145,,8255888,,1024932.0,1.0,30,Fast
8518659830,False,2025-10-19 12:04:18,49.4,17419,12,39,2163,,9351740,,1024931.0,1.0,51,Late
8518560731,True,2025-10-19 10:57:58,42.25,17419,35,16,8255888,,8254145,,1024932.0,1.0,51,Late
8518553647,False,2025-10-19 11:00:17,39.22,17419,13,27,9351740,,2163,,1024931.0,1.0,40,Normal
8517531441,True,2025-10-18 18:26:33,32.0,17419,29,7,36,,8254145,,1024658.0,0.0,36,Normal
8517496456,True,2025-10-18 18:05:29,33.62,17419,32,10,9303484,,8255888,,1024644.0,0.0,42,Normal
8517437251,False,2025-10-18 17:31:01,29.88,17419,12,36,9351740,,8291895,,1024620.0,0.0,48,Fast
8517384231,False,2025-10-18 17:00:18,37.62,17419,18,22,2163,,9338413,,1024605.0,0.0,40,Normal
8517321948,False,2025-10-18 16:25:01,33.5,17419,12,32,8254145,,9467224,,1024587.0,0.0,44,Normal
8517299077,False,2025-10-18 16:12:36,19.52,17419,6,20,9885654,,9247354,,1024576.0,0.0,26,Fast
8517206564,True,2025-10-18 15:23:18,34.8,17419,36,6,8255888,,36,,1024531.0,0.0,42,Normal
8517163697,False,2025-10-18 15:01:17,43.23,17419,19,41,9303484,,7119388,,1024521.0,0.0,60,Late
8517060495,True,2025-10-18 14:08:11,41.62,17419,29,23,9885654,,8291895,,1024483.0,0.0,52,Late
8517045039,True,2025-10-18 14:00:06,31.67,17419,32,8,2163,,9351740,,1024474.0,0.0,40,Normal
8516930248,False,2025-10-18 12:57:01,45.9,17419,17,33,9467224,,9247354,,1024424.0,0.0,50,Late
8516930243,True,2025-10-18 12:57:01,36.55,17419,36,10,9338413,,7119388,,1024423.0,0.0,46,Normal
8515797626,True,2025-10-17 18:37:56,46.0,17419,40,21,9338413,,9351740,,1024005.0,0.0,61,Late
8515777831,False,2025-10-17 18:25:06,28.27,17419,5,18,9885654,,36,,1023997.0,0.0,23,Fast
8515672226,True,2025-10-17 17:19:30,33.32,17419,30,6,2163,,9467224,,1023955.0,0.0,36,Normal
8515655427,True,2025-10-17 17:09:32,56.5,17419,32,18,8291895,,9247354,,1023946.0,0.0,50,Late
8515559230,True,2025-10-17 16:13:01,42.08,17419,33,20,9885654,,8255888,,1023920.0,0.0,53,Late
8515536844,True,2025-10-17 16:00:38,39.95,17419,32,16,9303484,,36,,1023910.0,0.0,48,Normal
8515460944,False,2025-10-17 15:18:04,30.15,17419,13,35,9351740,,7119388,,1023895.0,0.0,48,Normal
8515438384,False,2025-10-17 15:05:54,27.58,17419,9,40,8254145,,8291895,,1023887.0,0.0,49,Fast
8515327983,True,2025-10-17 14:05:34,45.72,17419,34,28,9338413,,8255888,,1023863.0,0.0,62,Late
8515315870,True,2025-10-17 13:58:45,37.28,17419,31,13,9303484,,9467224,,1023859.0,0.0,44,Normal
8515218704,False,2025-10-17 13:01:12,33.5,17419,11,32,8254145,,9247354,,1023826.0,0.0,43,Normal
8515211892,False,2025-10-17 12:56:53,35.25,17419,16,33,2163,,7119388,,1023825.0,0.0,49,Normal
8514447596,True,2025-10-16 20:36:27,30.87,17419,28,7,9303484,,9885654,,1023595.0,0.0,35,Normal
8514376804,False,2025-10-16 19:34:05,34.47,17419,12,30,7119388,,8291895,,1023577.0,0.0,42,Normal
8514375533,True,2025-10-16 19:33:04,27.8,17419,24,13,8254145,,9351740,,1023574.0,0.0,37,Fast
8514308079,False,2025-10-16 18:44:04,21.47,17419,5,17,36,,9247354,,1023554.0,0.0,22,Fast
8514293820,True,2025-10-16 18:34:06,40.68,17419,24,24,9303484,,2163,,1023546.0,0.0,48,Late
8514189882,True,2025-10-16 17:24:43,53.02,17419,31,34,8255888,,9351740,,1023501.0,0.0,65,Late
8514117469,False,2025-10-16 16:39:00,62.73,17419,35,38,7119388,,9247354,,1023479.0,0.0,73,Late
8514083299,False,2025-10-16 16:19:03,39.22,17419,12,40,9338413,,9467224,,1023474.0,0.0,52,Normal
8514015959,True,2025-10-16 15:39:10,33.4,17419,29,9,2163,,9885654,,1023457.0,0.0,38,Normal
8514005494,True,2025-10-16 15:32:47,31.07,17419,33,15,8255888,,8254145,,1023463.0,0.0,48,Normal
8513849620,False,2025-10-16 14:01:25,34.68,17419,7,36,9351740,,9467224,,1023438.0,0.0,43,Normal
8513845843,False,2025-10-16 13:59:11,44.63,17419,16,32,9338413,,8291895,,1023436.0,0.0,48,Late
8513746052,True,2025-10-16 12:58:03,35.15,17419,44,11,7119388,,8255888,,1023417.0,0.0,55,Normal
8513742985,False,2025-10-16 12:56:03,35.6,17419,15,33,2163,,36,,1023416.0,0.0,48,Normal
8512979658,False,2025-10-15 20:15:23,44.13,17419,26,32,9351740,,36,,1023252.0,0.0,58,Late
8512954465,False,2025-10-15 19:53:16,35.72,17419,8,31,9885654,,7119388,,1023240.0,0.0,39,Normal
8512870110,False,2025-10-15 18:47:42,42.83,17419,18,24,2163,,9247354,,1023220.0,0.0,42,Late
8512866926,False,2025-10-15 18:45:24,60.2,17419,26,43,8291895,,9467224,,1023218.0,0.0,69,Late
8512795885,True,2025-10-15 17:55:26,25.4,17419,32,6,9338413,,9303484,,1023188.0,0.0,38,Fast
8512785311,True,2025-10-15 17:48:11,35.65,17419,24,18,9885654,,9351740,,1023187.0,0.0,42,Normal
8512694265,True,2025-10-15 16:47:01,40.22,17419,32,14,8291895,,8255888,,1023166.0,0.0,46,Late
8512668142,True,2025-10-15 16:29:52,53.4,17419,46,31,2163,,8254145,,1023162.0,0.0,77,Late
8512564878,True,2025-10-15 15:25:20,38.12,17419,23,6,9885654,,9467224,,1023142.0,0.0,29,Normal
8512558125,True,2025-10-15 15:21:16,58.68,17419,25,29,9303484,,9247354,,1023141.0,0.0,54,Late
8512457660,False,2025-10-15 14:22:12,29.75,17419,22,38,8254145,,9338413,,1023127.0,0.0,60,Fast
8512434051,True,2025-10-15 14:08:35,45.67,17419,40,12,7119388,,36,,1023123.0,0.0,52,Late
8512319677,False,2025-10-15 12:58:38,40.2,17419,28,32,9303484,,8291895,,1023097.0,0.0,60,Late
8512316447,False,2025-10-15 12:56:30,59.3,17419,27,30,8255888,,9467224,,1023098.0,0.0,57,Late
8511527716,False,2025-10-14 19:51:42,27.93,17419,12,40,8254145,,9885654,,1022911.0,0.0,52,Fast
8511503985,False,2025-10-14 19:32:19,30.8,17419,10,31,9338413,,9247354,,1022905.0,3.0,41,Normal
8511443531,True,2025-10-14 18:46:45,35.97,17419,23,24,8291895,,36,,1022881.0,0.0,47,Normal
8511416361,True,2025-10-14 18:27:34,36.53,17419,41,11,7119388,,9467224,,1022873.0,3.0,52,Normal
8511343462,False,2025-10-14 17:37:33,42.13,17419,30,43,8254145,,9303484,,1022841.0,0.0,73,Late
8511339795,False,2025-10-14 17:35:03,20.9,17419,4,13,9885654,,9338413,,1022840.0,3.0,17,Fast
8511224972,True,2025-10-14 16:19:32,52.52,17419,31,38,9247354,,8255888,,1022812.0,0.0,69,Late
8511217827,False,2025-10-14 16:15:06,52.38,17419,15,33,2163,,8291895,,1022810.0,3.0,48,Late
8511133117,False,2025-10-14 15:23:09,29.62,17419,15,22,9338413,,36,,1022789.0,0.0,37,Fast
8511098125,True,2025-10-14 15:02:36,42.78,17419,42,24,9351740,,9303484,,1022780.0,3.0,66,Late
8511020424,True,2025-10-14 14:17:55,36.92,17419,28,17,8254145,,7119388,,1022772.0,0.0,45,Normal
8510981680,False,2025-10-14 13:55:42,38.73,17419,15,34,2163,,8255888,,1022767.0,3.0,49,Normal
8510884183,True,2025-10-14 12:56:41,25.45,17419,17,8,9247354,,9351740,,1022756.0,0.0,25,Fast
8510883608,False,2025-10-14 12:56:19,49.17,17419,27,32,9467224,,36,,1022755.0,0.0,59,Late
8594217096,True,2025-12-07 10:31:26,39.27,17420,38,16,8291895,,9823272,,1044043.0,2.0,54,Normal
8594108564,False,2025-12-07 09:02:34,49.5,17420,21,39,9823272,,8291895,,1044043.0,2.0,60,Late
8594008284,False,2025-12-07 07:33:00,52.85,17420,25,43,9823272,,8291895,,1044043.0,2.0,68,Late
8593890943,True,2025-12-07 05:29:26,49.2,17420,38,29,9989747,,9989756,,1044029.0,1.0,67,Late
8592494459,False,2025-12-06 10:38:49,36.07,17420,12,23,9338413,,8291895,,1043623.0,1.0,35,Normal
8592409166,False,2025-12-06 09:24:19,29.87,17420,9,27,9338413,,8291895,,1043623.0,1.0,36,Fast
8592272555,True,2025-12-06 07:24:09,40.02,17420,13,10,9823272,,9247354,,1043584.0,1.0,23,Late
8592220102,True,2025-12-06 06:13:19,38.25,17420,29,15,9823272,,9247354,,1043584.0,1.0,44,Normal
8590957766,True,2025-12-05 11:46:42,47.68,17420,37,29,9338413,,36,,1043291.0,1.0,66,Late
8590894249,True,2025-12-05 10:49:03,23.53,17420,23,7,9338413,,36,,1043291.0,1.0,30,Fast
8590773850,False,2025-12-05 08:29:57,46.73,17420,10,34,2586976,,9823272,,1043252.0,1.0,44,Late
8590723458,True,2025-12-05 07:22:20,33.15,17420,26,10,9823272,,2586976,,1043252.0,1.0,36,Normal
8590666286,True,2025-12-05 06:00:03,40.48,17420,25,16,2586976,,9823272,,1043252.0,1.0,41,Late
8584493873,True,2025-11-30 19:06:24,48.32,17420,34,27,9338413,,9351740,,1041827.0,1.0,61,Late
8584468848,False,2025-11-30 18:52:45,43.63,17420,26,31,8261500,,9823272,,1041817.0,1.0,57,Late
8584411768,False,2025-11-30 18:09:17,31.07,17420,11,31,9338413,,9351740,,1041827.0,1.0,42,Normal
8584357150,True,2025-11-30 17:38:38,48.52,17420,35,17,9823272,,8261500,,1041817.0,1.0,52,Late
8584303494,False,2025-11-30 17:06:04,37.8,17420,16,27,9351740,,9338413,,1041827.0,1.0,43,Normal
8584248639,False,2025-11-30 16:30:02,43.25,17420,11,31,9823272,,8261500,,1041817.0,1.0,42,Late
8584197263,True,2025-11-30 16:00:13,34.35,17420,17,13,2586976,,9303484,,1041783.0,1.0,30,Normal
8584125715,True,2025-11-30 15:20:55,38.87,17420,21,21,36,,9640842,,1041765.0,1.0,42,Normal
8584089737,True,2025-11-30 15:00:02,33.0,17420,28,11,2586976,,9303484,,1041783.0,1.0,39,Normal
8584006279,False,2025-11-30 14:14:53,40.57,17420,16,30,9640842,,36,,1041765.0,1.0,46,Late
8583955565,True,2025-11-30 13:50:29,39.18,17420,40,19,8261500,,9927796,,1041689.0,1.0,59,Normal
8583867438,False,2025-11-30 13:02:52,41.55,17420,20,21,8254145,,9351740,,1041687.0,1.0,41,Late
8583851046,True,2025-11-30 12:54:41,30.23,17420,35,10,9927796,,8261500,,1041689.0,1.0,45,Normal
8583743794,False,2025-11-30 11:56:04,33.07,17420,7,20,9927796,,8261500,,1041689.0,1.0,27,Normal
8583736672,True,2025-11-30 11:59:53,37.2,17420,32,13,9351740,,8254145,,1041687.0,1.0,45,Normal
8582763921,False,2025-11-29 19:52:39,36.35,17420,13,31,8254145,,36,,1041432.0,0.0,44,Normal
8582735416,True,2025-11-29 19:33:26,28.9,17420,22,11,2586976,,9303484,,1041420.0,0.0,33,Fast
8582664350,True,2025-11-29 18:46:47,33.5,17420,18,10,9338413,,9351740,,1041392.0,0.0,28,Normal
8582638335,False,2025-11-29 18:29:36,38.72,17420,6,23,8261500,,9640842,,1041380.0,0.0,29,Normal
8582533736,True,2025-11-29 17:25:06,48.95,17420,35,30,8254145,,9823272,,1041350.0,0.0,65,Late
8582522954,False,2025-11-29 17:18:44,45.3,17420,34,33,9927796,,9247354,,1041345.0,0.0,67,Late
8582384052,False,2025-11-29 15:58:48,52.43,17420,27,31,2586976,,8291895,,1041297.0,0.0,58,Late
8582378933,True,2025-11-29 15:56:04,54.38,17420,36,26,9303484,,36,,1041295.0,0.0,62,Late
8582274879,True,2025-11-29 14:59:35,31.07,17420,30,25,9338413,,9927796,,1041256.0,0.0,55,Normal
8582254158,True,2025-11-29 14:48:43,44.42,17420,41,23,9351740,,8261500,,1041251.0,0.0,64,Late
8582157073,True,2025-11-29 13:57:17,23.98,17420,24,4,8291895,,9640842,,1041215.0,0.0,28,Fast
8582154770,True,2025-11-29 13:56:03,34.08,17420,33,16,9247354,,9823272,,1041214.0,0.0,49,Normal
8581024477,False,2025-11-28 19:56:15,48.83,17420,26,28,9927796,,36,,1040975.0,0.0,54,Late
8580969080,True,2025-11-28 19:17:13,38.95,17420,30,15,9640842,,9351740,,1040962.0,0.0,45,Normal
8580879900,True,2025-11-28 18:17:36,72.2,17420,35,38,8261500,,9823272,,1040928.0,0.0,73,Late
8580874181,False,2025-11-28 18:13:56,36.67,17420,14,35,9338413,,9247354,,1040925.0,0.0,49,Normal
8580797427,True,2025-11-28 17:25:03,25.23,17420,23,11,9303484,,9927796,,1040909.0,0.0,34,Fast
8580769851,True,2025-11-28 17:08:05,36.52,17420,36,5,2586976,,36,,1040896.0,0.0,41,Normal
8580698876,False,2025-11-28 16:25:22,30.63,17420,8,34,9351740,,8291895,,1040882.0,0.0,42,Normal
8580673312,False,2025-11-28 16:10:49,32.4,17420,21,37,8254145,,9338413,,1040874.0,0.0,58,Normal
8580572882,True,2025-11-28 15:14:00,43.53,17420,26,12,9303484,,9640842,,1040854.0,0.0,38,Late
8580543038,False,2025-11-28 14:57:24,41.42,17420,15,33,2586976,,9823272,,1040846.0,0.0,48,Late
8580434959,False,2025-11-28 13:56:07,52.05,17420,26,34,8254145,,9247354,,1040827.0,0.0,60,Late
8580433201,False,2025-11-28 13:55:07,33.45,17420,16,32,8261500,,8291895,,1040826.0,0.0,48,Normal
8579573711,True,2025-11-27 21:01:18,27.92,17420,20,17,8254145,,9351740,,1040711.0,0.0,37,Fast
8579516072,False,2025-11-27 20:08:38,26.22,17420,7,21,36,,9247354,,1040690.0,0.0,28,Fast
8579512829,False,2025-11-27 20:05:56,27.93,17420,9,24,9927796,,2586976,,1040689.0,0.0,33,Fast
8579434949,False,2025-11-27 19:04:50,33.62,17420,13,40,9338413,,8291895,,1040662.0,0.0,53,Normal
8579402680,False,2025-11-27 18:40:50,58.67,17420,25,61,9351740,,9303484,,1040652.0,0.0,86,Late
8579345535,True,2025-11-27 18:00:13,42.23,17420,28,13,2586976,,8261500,,1040636.0,0.0,41,Late
8579321866,True,2025-11-27 17:43:42,28.03,17420,32,9,9823272,,9640842,,1040632.0,0.0,41,Fast
8579245952,True,2025-11-27 16:52:13,39.13,17420,38,22,9247354,,8291895,,1040610.0,0.0,60,Normal
8579211061,False,2025-11-27 16:29:11,44.83,17420,20,29,8254145,,9303484,,1040603.0,0.0,49,Late
8579159439,False,2025-11-27 15:56:21,31.67,17420,12,35,9927796,,8261500,,1040588.0,0.0,47,Normal
8579084900,False,2025-11-27 15:10:13,51.28,17420,19,41,9351740,,9823272,,1040575.0,0.0,60,Late
8579054497,False,2025-11-27 14:51:54,37.63,17420,11,38,9338413,,9640842,,1040568.0,0.0,49,Normal
8578971938,True,2025-11-27 14:03:12,42.97,17420,28,20,8261500,,36,,1040552.0,0.0,48,Late
8578965230,True,2025-11-27 13:59:16,26.47,17420,31,9,8291895,,9303484,,1040553.0,0.0,40,Fast
8578108612,False,2025-11-26 20:44:44,39.48,17420,21,33,9927796,,8291895,,1040402.0,0.0,54,Normal
8578065966,True,2025-11-26 20:05:43,56.22,17420,33,23,36,,9351740,,1040391.0,0.0,56,Late
8578012189,False,2025-11-26 19:22:28,59.03,17420,21,26,8261500,,9247354,,1040373.0,0.0,47,Late
8577982630,True,2025-11-26 19:00:33,38.45,17420,48,11,9823272,,9338413,,1040355.0,0.0,59,Normal
8577926044,False,2025-11-26 18:19:49,36.17,17420,7,19,2586976,,9640842,,1040340.0,0.0,26,Normal
8577907652,False,2025-11-26 18:06:58,31.33,17420,17,26,9927796,,9351740,,1040332.0,0.0,43,Normal
8577844080,False,2025-11-26 17:21:42,17.73,17420,4,15,8261500,,8254145,,1040317.0,0.0,19,Fast
8577833540,False,2025-11-26 17:14:26,36.28,17420,19,26,9303484,,9338413,,1040313.0,0.0,45,Normal
8577764833,True,2025-11-26 16:27:57,24.23,17420,25,8,9823272,,9927796,,1040300.0,0.0,33,Fast
8577745816,False,2025-11-26 16:15:33,33.03,17420,8,23,2586976,,9247354,,1040290.0,0.0,31,Normal
8577653482,False,2025-11-26 15:17:03,42.77,17420,19,31,8254145,,9640842,,1040278.0,0.0,50,Late
8577626069,False,2025-11-26 15:00:28,46.93,17420,21,25,36,,8291895,,1040265.0,0.0,46,Late
8577520913,True,2025-11-26 13:57:58,48.02,17420,31,32,9823272,,9303484,,1040244.0,0.0,63,Late
8577517772,False,2025-11-26 13:56:03,27.1,17420,11,30,2586976,,9338413,,1040243.0,0.0,41,Fast
8576678568,False,2025-11-25 20:58:09,31.57,17420,6,29,9640842,,9247354,,1040098.0,0.0,35,Normal
8576671061,False,2025-11-25 20:50:28,34.58,17420,13,20,9927796,,8254145,,1040096.0,0.0,33,Normal
8576605875,True,2025-11-25 19:50:21,28.57,17420,25,18,9338413,,36,,1040070.0,0.0,43,Fast
8576601685,False,2025-11-25 19:46:55,44.57,17420,14,34,9823272,,8291895,,1040068.0,0.0,48,Late
8576507432,True,2025-11-25 18:34:59,52.1,17420,38,30,9927796,,9640842,,1040024.0,0.0,68,Late
8576493855,False,2025-11-25 18:25:17,48.98,17420,18,33,8254145,,2586976,,1040021.0,0.0,51,Late
8576422993,True,2025-11-25 17:35:16,23.65,17420,17,5,9338413,,8261500,,1040002.0,0.0,22,Fast
8576406746,False,2025-11-25 17:23:59,34.25,17420,10,30,9303484,,9247354,,1039990.0,0.0,40,Normal
8576325330,False,2025-11-25 16:28:47,40.4,17420,13,31,9351740,,2586976,,1039974.0,0.0,44,Late
8576286429,False,2025-11-25 16:13:44,44.47,17420,10,23,9640842,,36,,1039959.0,0.0,33,Late
8576209695,False,2025-11-25 15:15:59,33.02,17420,7,30,8254145,,8291895,,1039946.0,0.0,37,Normal
8576193431,False,2025-11-25 15:06:24,54.43,17420,30,39,9303484,,8261500,,1039940.0,0.0,69,Late
8576094890,False,2025-11-25 14:07:57,41.75,17420,13,35,9823272,,36,,1039912.0,0.0,48,Late
8576076065,True,2025-11-25 13:56:46,35.68,17420,28,14,9351740,,9247354,,1039908.0,0.0,42,Normal
8615531269,True,2025-12-21 18:17:01,36.47,18988,20,9,9823272,,7119388,,1048811.0,2.0,29,Normal
8615442050,False,2025-12-21 17:18:01,24.93,18988,6,16,7119388,,9823272,,1048811.0,2.0,22,Fast
8615341751,True,2025-12-21 16:06:01,40.22,18988,39,16,9823272,,7119388,,1048811.0,2.0,55,Late
8615212174,True,2025-12-21 14:55:01,37.73,18988,30,14,7119388,,9823272,,1048811.0,2.0,44,Normal
8614983405,False,2025-12-21 12:35:01,39.45,18988,19,25,9572001,,7119388,,1048747.0,1.0,44,Normal
8614840952,True,2025-12-21 10:56:45,62.08,18988,30,24,7119388,,9572001,,1048711.0,1.0,54,Late
8613974929,True,2025-12-20 19:13:01,20.13,18988,20,8,9572001,,8261500,,1048503.0,1.0,28,Fast
8613871238,False,2025-12-20 17:55:06,44.98,18988,16,22,8261500,,9572001,,1048503.0,1.0,38,Late
8613669497,False,2025-12-20 15:45:01,42.62,18988,21,34,7119388,,9823272,,1048404.0,1.0,55,Late
8613524044,False,2025-12-20 14:31:02,42.25,18988,12,23,7119388,,9823272,,1048404.0,1.0,35,Late
8613407484,True,2025-12-20 13:15:00,37.93,18988,26,7,9572001,,2586976,,1048319.0,1.0,33,Normal
8613296700,True,2025-12-20 11:59:02,42.33,18988,23,5,9572001,,2586976,,1048319.0,1.0,28,Late
8613199952,True,2025-12-20 10:56:09,34.15,18988,28,11,2586976,,9572001,,1048319.0,1.0,39,Normal
8612387534,True,2025-12-19 19:00:00,45.37,18988,33,20,8261500,,8291895,,1048097.0,1.0,53,Late
8612296716,True,2025-12-19 17:56:09,31.85,18988,31,8,8261500,,8291895,,1048097.0,1.0,39,Normal
8612073954,True,2025-12-19 15:29:02,26.02,18988,24,8,2586976,,9895392,,1048038.0,1.0,32,Fast
8611968266,False,2025-12-19 14:25:00,33.72,18988,13,29,9895392,,2586976,,1048038.0,1.0,42,Normal
8611813882,True,2025-12-19 12:26:10,29.78,18988,40,13,8261500,,9247354,,1048004.0,1.0,53,Fast
8611704029,True,2025-12-19 10:55:01,40.27,18988,27,11,8261500,,9247354,,1048004.0,1.0,38,Late
8611101416,True,2025-12-18 20:19:55,67.17,18988,32,35,9823272,,8291895,,1047837.0,1.0,67,Late
8610997048,True,2025-12-18 18:56:55,51.02,18988,40,35,9823272,,8291895,,1047837.0,1.0,75,Late
8610908761,False,2025-12-18 17:54:53,27.63,18988,15,26,9823272,,8291895,,1047837.0,1.0,41,Fast
8610733410,False,2025-12-18 15:38:53,35.25,18988,12,27,9572001,,7119388,,1047793.0,1.0,39,Normal
8610608932,True,2025-12-18 14:28:59,35.08,18988,28,13,7119388,,9572001,,1047793.0,1.0,41,Normal
8610508424,True,2025-12-18 13:16:54,30.7,18988,41,14,9823272,,9895392,,1047760.0,1.0,55,Normal
8610407872,True,2025-12-18 12:00:55,44.67,18988,38,21,9895392,,9823272,,1047760.0,1.0,59,Late
8610327187,True,2025-12-18 10:54:57,35.18,18988,27,13,9823272,,9895392,,1047760.0,1.0,40,Normal
8609658039,False,2025-12-17 19:03:57,44.43,18988,23,33,2586976,,8291895,,1047598.0,1.0,56,Late
8609577898,False,2025-12-17 17:55:35,35.85,18988,17,31,2586976,,8291895,,1047598.0,1.0,48,Normal
8609420125,False,2025-12-17 16:05:56,37.58,18988,16,35,8261500,,7119388,,1047543.0,1.0,51,Normal
8609256354,True,2025-12-17 14:24:59,69.78,18988,38,48,7119388,,8261500,,1047543.0,1.0,86,Late
8609085945,True,2025-12-17 12:24:25,71.18,18988,32,29,9572001,,9247354,,1047499.0,1.0,61,Late
8608974467,True,2025-12-17 10:55:02,50.68,18988,39,28,9572001,,9247354,,1047499.0,1.0,67,Late
8606931541,True,2025-12-15 19:48:01,39.3,18988,27,20,2163,,9964962,,1047091.0,1.0,47,Normal
8606918837,False,2025-12-15 19:37:01,60.38,18988,26,34,9255039,,9303484,,1047075.0,1.0,60,Late
8606878914,True,2025-12-15 19:01:00,22.88,18988,37,5,9338413,,9691969,,1047079.0,1.0,42,Fast
8606872326,False,2025-12-15 19:03:02,37.78,18988,12,38,7554697,,9572001,,1047077.0,1.0,50,Normal
8606840720,False,2025-12-15 18:31:01,43.63,18988,17,29,9964962,,2163,,1047091.0,1.0,46,Late
8606794209,True,2025-12-15 17:57:24,32.23,18988,40,14,9338413,,9691969,,1047079.0,1.0,54,Normal
8606776029,True,2025-12-15 17:55:06,33.58,18988,15,4,9572001,,7554697,,1047077.0,1.0,19,Normal
8606774407,True,2025-12-15 17:55:06,72.18,18988,42,53,9303484,,9255039,,1047075.0,1.0,95,Late
8606735701,True,2025-12-15 17:14:04,35.13,18988,38,11,9823272,,8255888,,1047036.0,1.0,49,Normal
8606659200,False,2025-12-15 16:26:02,41.58,18988,9,41,36,,8261500,,1047029.0,1.0,50,Late
8606610716,True,2025-12-15 15:53:01,51.2,18988,52,28,9823272,,8255888,,1047036.0,1.0,80,Late
8606592816,True,2025-12-15 15:37:21,20.95,18988,31,4,7119388,,9247354,,1047032.0,1.0,35,Fast
8606591627,True,2025-12-15 15:39:02,30.37,18988,32,9,9872667,,9989179,,1047034.0,1.0,41,Normal
8606576805,True,2025-12-15 15:32:37,25.03,18988,24,9,36,,8261500,,1047029.0,1.0,33,Fast
8606503226,True,2025-12-15 14:43:01,39.33,18988,26,9,8255888,,9823272,,1047036.0,1.0,35,Normal
8606495310,True,2025-12-15 14:45:00,25.53,18988,34,9,9872667,,9989179,,1047034.0,1.0,43,Fast
8606484740,True,2025-12-15 14:25:01,40.55,18988,34,12,7119388,,9247354,,1047032.0,1.0,46,Late
8606477178,True,2025-12-15 14:25:01,36.55,18988,42,10,8261500,,36,,1047029.0,1.0,52,Normal
8606394749,False,2025-12-15 13:31:03,30.12,18988,12,25,9467224,,9640842,,1046990.0,1.0,37,Normal
8606379791,True,2025-12-15 13:21:28,47.1,18988,35,21,9247798,,9351740,,1046989.0,1.0,56,Late
8606298412,True,2025-12-15 12:20:01,32.0,18988,38,22,9247798,,9351740,,1046989.0,1.0,60,Normal
8606288088,True,2025-12-15 12:09:01,37.38,18988,34,16,8291895,,9758040,,1046986.0,1.0,50,Normal
8606284643,True,2025-12-15 12:15:15,45.32,18988,28,20,9640842,,9467224,,1046990.0,1.0,48,Late
8606267682,True,2025-12-15 11:55:01,36.37,18988,25,14,2586976,,9895392,,1046988.0,1.0,39,Normal
8606207935,True,2025-12-15 10:55:43,29.52,18988,30,14,9467224,,9640842,,1046990.0,1.0,44,Fast
8606206987,True,2025-12-15 10:55:00,55.03,18988,44,36,9351740,,9247798,,1046989.0,1.0,80,Late
8606204577,True,2025-12-15 10:55:23,27.92,18988,28,8,2586976,,9895392,,1046988.0,1.0,36,Fast
8606200519,False,2025-12-15 10:55:03,41.92,18988,15,31,9758040,,8291895,,1046986.0,1.0,46,Late
8605626905,False,2025-12-14 20:39:01,69.72,18988,19,47,9572001,,7119388,,1046808.0,1.0,66,Late
8605543293,False,2025-12-14 19:35:00,49.18,18988,21,27,9338413,,36,,1046812.0,1.0,48,Late
8605532351,True,2025-12-14 19:25:00,37.82,18988,27,7,7119388,,9572001,,1046808.0,1.0,34,Normal
8605514511,True,2025-12-14 19:13:00,32.62,18988,46,14,8255888,,9872667,,1046798.0,1.0,60,Normal
8605513023,True,2025-12-14 19:14:01,42.97,18988,35,16,9964962,,9303484,,1046793.0,1.0,51,Late
8605445080,False,2025-12-14 18:22:01,35.38,18988,16,23,9338413,,36,,1046812.0,1.0,39,Normal
8605437813,True,2025-12-14 18:13:08,33.82,18988,22,10,9572001,,7119388,,1046808.0,1.0,32,Normal
8605411433,False,2025-12-14 17:56:10,35.47,18988,18,35,9872667,,8255888,,1046798.0,1.0,53,Normal
8605403905,False,2025-12-14 17:55:04,47.22,18988,24,47,9303484,,9964962,,1046793.0,1.0,71,Late
8605323294,True,2025-12-14 17:00:04,31.42,18988,31,11,7554697,,8291895,,1046712.0,1.0,42,Normal
8605308834,True,2025-12-14 16:46:03,54.23,18988,41,37,9691969,,9467224,,1046710.0,1.0,78,Late
8605215449,False,2025-12-14 15:45:03,56.13,18988,35,45,2586976,,9247354,,1046722.0,1.0,80,Late
8605207735,False,2025-12-14 15:41:16,24.12,18988,16,43,9247798,,9255039,,1046711.0,1.0,59,Fast
8605192234,False,2025-12-14 15:34:00,37.9,18988,12,31,9691969,,9467224,,1046710.0,1.0,43,Normal
8605190938,False,2025-12-14 15:37:03,43.58,18988,20,28,7554697,,8291895,,1046712.0,1.0,48,Late
8605115782,False,2025-12-14 14:45:00,28.5,18988,10,34,2586976,,9247354,,1046722.0,1.0,44,Fast
8605070909,False,2025-12-14 14:25:03,39.82,18988,15,31,8291895,,7554697,,1046712.0,1.0,46,Normal
8605069558,True,2025-12-14 14:34:01,36.72,18988,31,16,9255039,,9247798,,1046711.0,1.0,47,Normal
8605069135,False,2025-12-14 14:25:01,36.07,18988,7,31,9467224,,9691969,,1046710.0,1.0,38,Normal
8604974662,True,2025-12-14 13:27:00,30.45,18988,21,15,9823272,,9640842,,1046616.0,1.0,36,Normal
8604941293,False,2025-12-14 13:06:00,16.08,18988,1,13,8261500,,9895392,,1046614.0,1.0,14,Fast
8604935721,True,2025-12-14 13:09:00,46.8,18988,37,22,9989179,,9351740,,1046615.0,1.0,59,Late
8604888305,True,2025-12-14 12:41:01,47.85,18988,41,23,9758040,,2163,,1046613.0,1.0,64,Late
8604851194,False,2025-12-14 12:15:02,23.2,18988,7,32,8261500,,9895392,,1046614.0,1.0,39,Fast
8604847489,False,2025-12-14 12:08:00,48.48,18988,14,43,9823272,,9640842,,1046616.0,1.0,57,Late
8604819918,True,2025-12-14 11:56:01,43.4,18988,36,18,9989179,,9351740,,1046615.0,1.0,54,Late
8604809016,True,2025-12-14 11:51:00,20.02,18988,29,9,2163,,9758040,,1046613.0,1.0,38,Fast
8604735932,True,2025-12-14 10:55:00,43.7,18988,23,21,9823272,,9640842,,1046616.0,1.0,44,Late
8604734208,False,2025-12-14 10:55:03,30.27,18988,10,29,9989179,,9351740,,1046615.0,1.0,39,Normal
8604733776,False,2025-12-14 10:55:12,48.07,18988,19,42,9895392,,8261500,,1046614.0,1.0,61,Late
8604733543,True,2025-12-14 10:56:25,24.82,18988,30,5,9758040,,2163,,1046613.0,1.0,35,Fast
8603931041,False,2025-12-13 20:24:01,44.02,18988,13,25,9303484,,9467224,,1046361.0,1.0,38,Late
8603895710,True,2025-12-13 19:58:00,29.48,18988,24,6,9247354,,9872667,,1046363.0,1.0,30,Fast
8603884585,False,2025-12-13 19:44:02,42.25,18988,11,19,9255039,,7554697,,1046356.0,1.0,30,Late
8603850215,True,2025-12-13 19:26:18,35.38,18988,37,12,9572001,,36,,1046354.0,1.0,49,Normal
8603847906,True,2025-12-13 19:20:01,32.35,18988,25,4,9303484,,9467224,,1046361.0,1.0,29,Normal
8603810835,True,2025-12-13 18:55:00,32.02,18988,27,18,9872667,,9247354,,1046363.0,1.0,45,Normal
8603728193,True,2025-12-13 17:55:00,29.53,18988,36,14,9247354,,9872667,,1046363.0,1.0,50,Fast
8603724740,False,2025-12-13 17:55:07,50.93,18988,14,36,9303484,,9467224,,1046361.0,1.0,50,Late
8603714760,False,2025-12-13 17:55:00,75.1,18988,32,23,9255039,,7554697,,1046356.0,1.0,55,Late
8603709082,True,2025-12-13 17:57:02,52.07,18988,35,15,9572001,,36,,1046354.0,1.0,50,Late
8603614526,False,2025-12-13 16:50:54,24.75,18988,8,25,9964962,,9338413,,1046274.0,1.0,33,Fast
8603604691,False,2025-12-13 16:38:00,35.8,18988,12,35,2163,,9895392,,1046276.0,1.0,47,Normal
8603501608,True,2025-12-13 15:38:02,37.6,18988,31,12,9691969,,9247798,,1046272.0,1.0,43,Normal
8603500020,False,2025-12-13 15:38:00,29.28,18988,6,39,2163,,9895392,,1046276.0,1.0,45,Fast
8603495438,True,2025-12-13 15:33:03,38.58,18988,26,15,9338413,,9964962,,1046274.0,1.0,41,Normal
8603488410,False,2025-12-13 15:31:01,53.97,18988,32,34,8255888,,8291895,,1046271.0,1.0,66,Late
8603380188,False,2025-12-13 14:26:13,40.2,18988,17,46,9895392,,2163,,1046276.0,1.0,63,Late
8603372377,True,2025-12-13 14:25:01,35.37,18988,41,10,9964962,,9338413,,1046274.0,1.0,51,Normal
8603371983,False,2025-12-13 14:25:01,40.6,18988,15,34,9247798,,9691969,,1046272.0,1.0,49,Late
8603371981,False,2025-12-13 14:31:27,28.98,18988,5,25,8255888,,8291895,,1046271.0,1.0,30,Fast
8603199591,False,2025-12-13 12:30:01,62.88,18988,27,55,7119388,,2586976,,1046189.0,1.0,82,Late
8603145326,False,2025-12-13 11:59:00,58.95,18988,18,40,9823272,,8261500,,1046187.0,1.0,58,Late
8603138581,True,2025-12-13 11:57:01,27.83,18988,24,7,9640842,,9351740,,1046184.0,1.0,31,Fast
8603132303,False,2025-12-13 11:58:01,33.4,18988,17,42,9989179,,9758040,,1046185.0,1.0,59,Normal
8603074586,True,2025-12-13 11:00:14,57.23,18988,49,22,2586976,,7119388,,1046189.0,1.0,71,Late
8603059957,False,2025-12-13 10:55:00,31.95,18988,9,32,9823272,,8261500,,1046187.0,1.0,41,Normal
8603056442,False,2025-12-13 10:55:20,33.07,18988,12,26,9989179,,9758040,,1046185.0,1.0,38,Normal
8603054525,False,2025-12-13 10:55:00,30.28,18988,3,29,9351740,,9640842,,1046184.0,1.0,32,Normal
8602376621,True,2025-12-12 21:25:58,46.22,18988,30,20,9247354,,9572001,,1045951.0,1.0,50,Late
8602309910,True,2025-12-12 20:34:24,38.67,18988,30,18,7554697,,9691969,,1045929.0,1.0,48,Normal
8602246766,False,2025-12-12 20:02:00,41.02,18988,9,27,9572001,,9247354,,1045951.0,1.0,36,Late
8602183326,False,2025-12-12 19:38:12,36.07,18988,22,36,9467224,,8291895,,1045940.0,1.0,58,Normal
8602181486,False,2025-12-12 19:21:04,33.63,18988,10,24,9691969,,7554697,,1045929.0,1.0,34,Normal
8602157582,False,2025-12-12 19:04:00,41.72,18988,13,35,9303484,,9872667,,1045930.0,1.0,48,Late
8602105739,True,2025-12-12 18:45:01,45.15,18988,27,13,9572001,,9247354,,1045951.0,1.0,40,Late
8602073392,True,2025-12-12 18:18:07,29.58,18988,19,6,8291895,,9467224,,1045940.0,1.0,25,Fast
8602058022,True,2025-12-12 17:57:42,33.32,18988,28,13,9872667,,9303484,,1045930.0,1.0,41,Normal
8602040130,False,2025-12-12 17:56:41,50.38,18988,25,32,7554697,,9691969,,1045929.0,1.0,57,Late
8601973291,True,2025-12-12 17:19:05,42.3,18988,33,14,7119388,,2163,,1045868.0,1.0,47,Late
8601935358,True,2025-12-12 16:54:56,44.38,18988,32,25,8261500,,9758040,,1045856.0,1.0,57,Late
8601850047,True,2025-12-12 15:57:01,18.87,18988,22,5,9823272,,9989179,,1045873.0,1.0,27,Fast
8601832066,True,2025-12-12 15:47:01,45.85,18988,36,10,9964962,,9255039,,1045863.0,1.0,46,Late
8601823184,False,2025-12-12 15:42:05,64.2,18988,42,44,7119388,,2163,,1045868.0,1.0,86,Late
8601802928,True,2025-12-12 15:44:59,39.48,18988,36,14,9758040,,8261500,,1045856.0,1.0,50,Normal
8601742840,True,2025-12-12 14:57:40,30.97,18988,29,7,9823272,,9989179,,1045873.0,1.0,36,Normal
8601713100,True,2025-12-12 14:41:12,29.53,18988,20,13,7119388,,2163,,1045868.0,1.0,33,Fast
8601697720,True,2025-12-12 14:32:44,42.65,18988,28,13,9964962,,9255039,,1045863.0,1.0,41,Late
8601693261,True,2025-12-12 14:30:13,44.63,18988,21,27,8261500,,9758040,,1045856.0,1.0,48,Late
8601593521,False,2025-12-12 13:36:00,32.4,18988,14,23,9351740,,36,,1045822.0,1.0,37,Normal
8601486244,True,2025-12-12 12:23:00,44.35,18988,34,19,36,,9351740,,1045822.0,1.0,53,Late
8601469482,False,2025-12-12 12:07:59,35.35,18988,19,34,9338413,,9895392,,1045820.0,1.0,53,Normal
8601455148,False,2025-12-12 12:00:00,46.97,18988,18,43,9247798,,9640842,,1045819.0,1.0,61,Late
8601448564,True,2025-12-12 11:51:00,33.22,18988,35,8,2586976,,8255888,,1045821.0,1.0,43,Normal
8601394847,False,2025-12-12 10:55:58,58.35,18988,31,51,36,,9351740,,1045822.0,1.0,82,Late
8601391721,False,2025-12-12 10:56:47,20.95,18988,6,20,8255888,,2586976,,1045821.0,1.0,26,Fast
8601389598,True,2025-12-12 10:55:00,42.67,18988,37,32,9895392,,9338413,,1045820.0,1.0,69,Late
8601388908,False,2025-12-12 10:55:00,34.05,18988,12,25,9247798,,9640842,,1045819.0,1.0,37,Normal
8600824688,False,2025-12-11 21:25:00,26.25,18988,8,34,9303484,,9572001,,1045662.0,1.0,42,Fast
8600768084,True,2025-12-11 20:28:01,74.82,18988,36,25,9989179,,9691969,,1045658.0,1.0,61,Late
8600724673,True,2025-12-11 19:49:07,63.87,18988,35,20,9572001,,9303484,,1045662.0,1.0,55,Late
8600691524,False,2025-12-11 19:25:04,37.98,18988,9,35,7554697,,9758040,,1045661.0,1.0,44,Normal
8600683075,False,2025-12-11 19:17:01,41.05,18988,20,26,9989179,,9691969,,1045658.0,1.0,46,Late
8600679706,False,2025-12-11 19:17:02,30.1,18988,7,32,8291895,,2163,,1045666.0,1.0,39,Normal
8600597494,True,2025-12-11 18:09:01,32.68,18988,30,14,2163,,8291895,,1045666.0,1.0,44,Normal
8600597239,True,2025-12-11 17:58:27,71.85,18988,43,39,9303484,,9572001,,1045662.0,1.0,82,Late
8600578717,True,2025-12-11 17:54:58,53.15,18988,36,33,9758040,,7554697,,1045661.0,1.0,69,Late
8600568696,False,2025-12-11 17:55:01,50.32,18988,25,39,9691969,,9989179,,1045658.0,1.0,64,Late
8600488743,True,2025-12-11 16:47:00,34.28,18988,31,9,2586976,,9823272,,1045603.0,1.0,40,Normal
8600472700,False,2025-12-11 16:33:59,23.02,18988,8,23,9964962,,9351740,,1045607.0,1.0,31,Fast
8600459259,False,2025-12-11 16:30:01,28.45,18988,9,24,9247798,,9872667,,1045599.0,1.0,33,Fast
8600403650,True,2025-12-11 15:38:08,24.77,18988,32,6,9964962,,9351740,,1045607.0,1.0,38,Fast
8600397564,True,2025-12-11 15:42:02,25.02,18988,18,4,8255888,,8261500,,1045608.0,1.0,22,Fast
8600392329,False,2025-12-11 15:37:03,38.28,18988,14,33,2586976,,9823272,,1045603.0,1.0,47,Normal
8600366031,True,2025-12-11 15:27:01,32.32,18988,35,11,9247798,,9872667,,1045599.0,1.0,46,Normal
8600296592,True,2025-12-11 14:41:00,30.33,18988,24,4,8255888,,8261500,,1045608.0,1.0,28,Normal
8600296260,False,2025-12-11 14:38:02,28.3,18988,15,28,9964962,,9351740,,1045607.0,1.0,43,Fast
8600272071,False,2025-12-11 14:26:03,41.25,18988,20,52,9823272,,2586976,,1045603.0,1.0,72,Late
8600242335,False,2025-12-11 14:25:01,29.95,18988,10,27,9247798,,9872667,,1045599.0,1.0,37,Fast
8600178151,True,2025-12-11 13:22:10,36.68,18988,48,18,7119388,,36,,1045547.0,1.0,66,Normal
8600165105,False,2025-12-11 13:17:56,38.85,18988,6,24,9255039,,9467224,,1045545.0,1.0,30,Normal
8600079155,True,2025-12-11 12:16:01,56.87,18988,43,21,9895392,,9640842,,1045541.0,1.0,64,Late
8600072883,False,2025-12-11 12:06:00,43.28,18988,17,43,7119388,,36,,1045547.0,1.0,60,Late
8600068614,False,2025-12-11 12:08:02,37.67,18988,18,36,9338413,,9247354,,1045543.0,1.0,54,Normal
8600066945,False,2025-12-11 12:02:03,46.68,18988,23,23,9255039,,9467224,,1045545.0,1.0,46,Late
8599998293,False,2025-12-11 10:56:02,39.48,18988,14,39,36,,7119388,,1045547.0,1.0,53,Normal
8599997748,True,2025-12-11 10:55:05,34.88,18988,26,8,9255039,,9467224,,1045545.0,1.0,34,Normal
8599992855,False,2025-12-11 10:56:35,37.68,18988,20,26,9338413,,9247354,,1045543.0,1.0,46,Normal
8599982169,True,2025-12-11 10:55:00,52.9,18988,30,28,9895392,,9640842,,1045541.0,1.0,58,Late
8599308014,False,2025-12-10 19:13:08,40.8,18988,11,30,7554697,,8261500,,1045335.0,1.0,41,Late
8599300834,False,2025-12-10 19:05:07,45.22,18988,13,31,9964962,,9572001,,1045338.0,1.0,44,Late
8599294530,True,2025-12-10 18:59:01,58.43,18988,28,29,9303484,,9351740,,1045339.0,1.0,57,Late
8599269948,False,2025-12-10 18:48:01,27.88,18988,10,34,9989179,,8291895,,1045333.0,1.0,44,Fast
8599219039,True,2025-12-10 17:56:28,34.17,18988,22,10,9572001,,9964962,,1045338.0,1.0,32,Normal
8599208552,True,2025-12-10 17:55:01,35.38,18988,33,10,9303484,,9351740,,1045339.0,1.0,43,Normal
8599203083,True,2025-12-10 17:55:07,49.23,18988,25,25,8261500,,7554697,,1045335.0,1.0,50,Late
8599202972,True,2025-12-10 17:55:01,21.72,18988,25,6,8291895,,9989179,,1045333.0,1.0,31,Fast
8599091798,False,2025-12-10 16:39:01,24.93,18988,9,30,9247798,,9247354,,1045266.0,1.0,39,Fast
8599037388,True,2025-12-10 15:57:00,63.83,18988,24,29,36,,9467224,,1045274.0,1.0,53,Late
8599036653,False,2025-12-10 15:55:30,29.38,18988,13,34,9895392,,9823272,,1045279.0,1.0,47,Fast
8598987393,True,2025-12-10 15:26:01,37.37,18988,29,9,9247798,,9247354,,1045266.0,1.0,38,Normal
8598982946,True,2025-12-10 15:25:00,42.37,18988,33,42,9338413,,9872667,,1045271.0,1.0,75,Late
8598918355,True,2025-12-10 14:50:05,35.08,18988,27,13,9823272,,9895392,,1045279.0,1.0,40,Normal
8598888081,False,2025-12-10 14:27:08,55.25,18988,33,32,9467224,,36,,1045274.0,1.0,65,Late
8598883977,True,2025-12-10 14:25:08,28.98,18988,29,16,9338413,,9872667,,1045271.0,1.0,45,Fast
8598861477,False,2025-12-10 14:25:02,30.6,18988,10,33,9247798,,9247354,,1045266.0,1.0,43,Normal
8598808366,True,2025-12-10 13:34:11,33.2,18988,30,11,2163,,9691969,,1045206.0,1.0,41,Normal
8598716877,False,2025-12-10 12:31:23,29.72,18988,12,41,9691969,,2163,,1045206.0,1.0,53,Fast
8598695323,True,2025-12-10 12:14:21,38.38,18988,34,19,7119388,,9255039,,1045209.0,1.0,53,Normal
8598682516,True,2025-12-10 12:00:01,27.82,18988,28,5,8255888,,9758040,,1045205.0,1.0,33,Fast
8598681318,True,2025-12-10 12:03:00,34.15,18988,34,8,2586976,,9640842,,1045207.0,1.0,42,Normal
8598618322,False,2025-12-10 11:00:21,33.47,18988,5,22,9255039,,7119388,,1045209.0,1.0,27,Normal
8598616570,True,2025-12-10 11:01:52,32.03,18988,24,8,2586976,,9640842,,1045207.0,1.0,32,Normal
8598615034,False,2025-12-10 10:56:28,60.72,18988,35,39,2163,,9691969,,1045206.0,1.0,74,Late
8598614413,True,2025-12-10 10:56:41,33.63,18988,37,11,8255888,,9758040,,1045205.0,1.0,48,Normal
8540545264,False,2025-11-02 19:11:47,56.75,18863,17,28,8255888,,9247354,,1030738.0,2.0,45,Late
8540450895,False,2025-11-02 18:04:00,39.27,18863,19,27,8255888,,9247354,,1030738.0,2.0,46,Normal
8540357223,False,2025-11-02 17:00:52,26.7,18863,4,23,8255888,,9247354,,1030738.0,2.0,27,Fast
8540189130,True,2025-11-02 15:42:03,48.72,18863,20,16,8255888,,9247354,,1030738.0,2.0,36,Late
8539982033,False,2025-11-02 13:21:58,30.88,18863,7,30,9823272,,9247354,,1030603.0,1.0,37,Normal
8539809790,True,2025-11-02 12:00:00,51.43,18863,43,18,9247354,,9823272,,1030603.0,1.0,61,Late
8539067262,True,2025-11-01 22:13:04,42.55,18863,33,14,9247354,,2163,,1030306.0,1.0,47,Late
8538982213,False,2025-11-01 20:54:01,48.85,18863,13,30,2163,,9247354,,1030306.0,1.0,43,Late
8538849304,False,2025-11-01 19:39:03,34.32,18863,14,45,9247354,,2163,,1030306.0,1.0,59,Normal
8538716056,True,2025-11-01 17:43:59,48.55,18863,21,8,8255888,,9823272,,1030170.0,1.0,29,Late
8538597819,True,2025-11-01 16:32:58,42.53,18863,33,13,9823272,,8255888,,1030170.0,1.0,46,Late
8538454488,True,2025-11-01 15:20:04,46.42,18863,30,24,8255888,,9823272,,1030170.0,1.0,54,Late
8538284384,False,2025-11-01 13:39:12,31.22,18863,16,28,9338413,,2163,,1030053.0,1.0,44,Normal
8538145798,True,2025-11-01 12:09:04,58.9,18863,37,33,2163,,9338413,,1030053.0,1.0,70,Late
8538032560,True,2025-11-01 11:00:00,39.5,18863,29,10,9338413,,2163,,1030053.0,1.0,39,Normal
8537466319,True,2025-10-31 22:32:40,71.62,18863,32,35,9247354,,7119388,,1029928.0,1.0,67,Late
8537408983,True,2025-10-31 21:27:49,33.37,18863,34,11,7119388,,9247354,,1029928.0,1.0,45,Normal
8537328580,True,2025-10-31 20:23:00,33.53,18863,30,9,9247354,,7119388,,1029914.0,1.0,39,Normal
8537191281,False,2025-10-31 18:30:00,45.3,18863,27,32,9303484,,2163,,1029803.0,1.0,59,Late
8537079939,False,2025-10-31 17:14:05,46.65,18863,24,47,2163,,9303484,,1029803.0,1.0,71,Late
8536926646,False,2025-10-31 15:38:35,65.55,18863,32,34,9303484,,2163,,1029803.0,1.0,66,Late
8536705879,True,2025-10-31 13:26:51,60.45,18863,38,29,9247354,,8291895,,1029680.0,1.0,67,Late
8536597199,True,2025-10-31 12:10:05,42.72,18863,45,21,8291895,,9247354,,1029680.0,1.0,66,Late
8536499892,False,2025-10-31 11:00:03,37.85,18863,10,33,8291895,,9247354,,1029680.0,1.0,43,Normal
8534290019,True,2025-10-29 18:23:53,40.45,18863,22,7,8255888,,7119388,,1029061.0,1.0,29,Late
8534224202,False,2025-10-29 17:33:45,20.63,18863,2,20,8255888,,7119388,,1029061.0,1.0,22,Fast
8534125414,True,2025-10-29 16:26:03,39.05,18863,17,10,8255888,,7119388,,1029061.0,1.0,27,Normal
8533940290,True,2025-10-29 14:30:13,64.37,18863,45,27,9823272,,9338413,,1028992.0,1.0,72,Late
8533849342,False,2025-10-29 13:32:48,29.5,18863,7,25,9338413,,9823272,,1028992.0,1.0,32,Fast
8533754138,True,2025-10-29 12:30:00,35.18,18863,23,11,9338413,,9823272,,1028992.0,1.0,34,Normal
8533017234,True,2025-10-28 20:23:00,37.4,18863,28,12,8255888,,2163,,1028712.0,1.0,40,Normal
8532910112,False,2025-10-28 19:02:00,52.63,18863,35,36,2163,,8255888,,1028712.0,1.0,71,Late
8532803539,False,2025-10-28 17:45:00,49.83,18863,17,35,8255888,,2163,,1028712.0,1.0,52,Late
8532692032,False,2025-10-28 16:25:25,29.45,18863,4,23,9303484,,7119388,,1028649.0,1.0,27,Fast
8532579398,False,2025-10-28 15:18:03,38.1,18863,8,21,9303484,,7119388,,1028649.0,1.0,29,Normal
8532434830,True,2025-10-28 13:52:00,35.3,18863,19,14,9338413,,9247354,,1028595.0,1.0,33,Normal
8532316401,True,2025-10-28 12:40:58,42.73,18863,21,13,9338413,,9247354,,1028595.0,1.0,34,Late
8532223085,True,2025-10-28 11:10:50,29.95,18863,40,9,9823272,,8291895,,1028562.0,1.0,49,Fast
8532150044,False,2025-10-28 10:00:00,39.73,18863,9,38,8291895,,9823272,,1028562.0,1.0,47,Normal
8532090226,False,2025-10-28 09:00:01,30.53,18863,15,34,9823272,,8291895,,1028562.0,1.0,49,Normal
8531584014,True,2025-10-27 20:18:00,34.5,18863,32,9,9303484,,726228,,1028386.0,1.0,41,Normal
8531504889,False,2025-10-27 19:15:00,32.38,18863,11,39,9303484,,726228,,1028386.0,1.0,50,Normal
8531359648,False,2025-10-27 17:31:00,75.02,18863,27,38,726228,,9303484,,1028386.0,1.0,65,Late
8531221816,True,2025-10-27 16:00:00,38.5,18863,23,20,9338413,,9467224,,1028291.0,1.0,43,Normal
8531103673,False,2025-10-27 14:47:00,42.58,18863,13,31,9338413,,9467224,,1028291.0,1.0,44,Late
8531000461,True,2025-10-27 13:48:00,29.15,18863,23,12,9338413,,9467224,,1028291.0,1.0,35,Fast
8530855505,False,2025-10-27 12:08:50,48.53,18863,30,46,9824702,,2163,,1028251.0,1.0,76,Late
8530762989,True,2025-10-27 11:00:15,38.37,18863,38,10,2163,,9824702,,1028251.0,1.0,48,Normal
8530181004,True,2025-10-26 21:29:53,44.27,18863,21,13,9823272,,9467224,,1028044.0,1.0,34,Late
8530106006,False,2025-10-26 20:23:53,34.3,18863,7,31,9467224,,9823272,,1028044.0,1.0,38,Normal
8529979269,False,2025-10-26 18:54:54,60.38,18863,30,34,9823272,,9467224,,1028044.0,1.0,64,Late
8529940681,True,2025-10-26 18:24:00,35.52,18863,39,12,726228,,9928403,,1028001.0,1.0,51,Normal
8529852915,True,2025-10-26 17:27:22,29.12,18863,20,11,726228,,9928403,,1028001.0,1.0,31,Fast
8529834731,True,2025-10-26 17:19:02,46.2,18863,41,9,8255888,,9824702,,1027927.0,1.0,50,Late
8529703467,True,2025-10-26 15:57:59,49.6,18863,26,16,8255888,,9824702,,1027927.0,1.0,42,Late
8529703221,False,2025-10-26 15:59:00,31.38,18863,7,27,9758040,,9303484,,1027925.0,1.0,34,Normal
8529571832,True,2025-10-26 14:43:15,44.22,18863,29,16,9824702,,8255888,,1027927.0,1.0,45,Late
8529560732,True,2025-10-26 14:44:01,45.85,18863,34,23,9303484,,9758040,,1027925.0,1.0,57,Late
8529399494,False,2025-10-26 13:13:54,37.95,18863,25,33,2163,,8291895,,1027829.0,1.0,58,Normal
8529370680,False,2025-10-26 12:58:00,48.68,18863,15,30,7554697,,9338413,,1027828.0,1.0,45,Late
8529291504,True,2025-10-26 12:16:06,28.08,18863,30,14,2163,,8291895,,1027829.0,1.0,44,Fast
8529257007,False,2025-10-26 11:49:00,41.52,18863,14,22,9338413,,7554697,,1027828.0,1.0,36,Late
8529178164,True,2025-10-26 11:00:26,43.68,18863,46,23,8291895,,2163,,1027829.0,1.0,69,Late
8529172703,True,2025-10-26 11:00:00,21.2,18863,23,2,9338413,,7554697,,1027828.0,1.0,25,Fast
8528426776,False,2025-10-25 21:31:57,48.13,18863,12,32,9467224,,7119388,,1027553.0,1.0,44,Late
8528334065,False,2025-10-25 20:15:54,48.2,18863,20,39,7119388,,9467224,,1027553.0,1.0,59,Late
8528227419,False,2025-10-25 19:04:56,40.8,18863,6,33,9467224,,7119388,,1027553.0,1.0,39,Late
8528159562,True,2025-10-25 18:17:00,32.32,18863,24,11,9824702,,9928403,,1027498.0,1.0,35,Normal
8528068483,False,2025-10-25 17:21:00,46.48,18863,14,33,8255888,,9247354,,1027424.0,1.0,47,Late
8528036450,True,2025-10-25 17:09:00,34.15,18863,25,13,9824702,,9928403,,1027498.0,1.0,38,Normal
8527923420,True,2025-10-25 16:02:56,49.75,18863,27,23,8255888,,9247354,,1027424.0,1.0,50,Late
8527867067,False,2025-10-25 15:30:00,46.62,18863,20,30,726228,,2163,,1027411.0,1.0,50,Late
8527782901,False,2025-10-25 14:47:57,45.9,18863,15,29,8255888,,9247354,,1027424.0,1.0,44,Late
8527739518,True,2025-10-25 14:22:00,37.45,18863,21,11,2163,,726228,,1027411.0,1.0,32,Normal
8527610890,True,2025-10-25 13:05:49,28.57,18863,22,5,9338413,,9351740,,1027327.0,1.0,27,Fast
8527608636,False,2025-10-25 13:08:13,43.47,18863,25,43,7554697,,8291895,,1027291.0,1.0,68,Late
8527509209,True,2025-10-25 12:13:00,21.38,18863,15,7,9338413,,9351740,,1027327.0,1.0,22,Fast
8527489896,False,2025-10-25 11:51:01,43.73,18863,19,36,7554697,,8291895,,1027291.0,1.0,55,Late
8527395643,True,2025-10-25 10:43:00,36.78,18863,32,11,9758040,,9895392,,1027229.0,1.0,43,Normal
8527386933,True,2025-10-25 10:35:38,45.88,18863,42,29,7554697,,8291895,,1027291.0,1.0,71,Late
8527314625,False,2025-10-25 09:33:00,44.72,18863,22,36,9758040,,9895392,,1027229.0,1.0,58,Late
8527277198,False,2025-10-25 08:59:56,40.4,18863,18,41,9303484,,9823272,,1027233.0,1.0,59,Late
8527206687,False,2025-10-25 08:00:39,30.25,18863,10,31,9303484,,9823272,,1027233.0,1.0,41,Normal
8527204055,True,2025-10-25 08:00:02,63.82,18863,37,19,9758040,,9895392,,1027229.0,1.0,56,Late
8526600683,True,2025-10-24 19:54:40,35.55,18863,26,11,9247354,,2163,,1027046.0,1.0,37,Normal
8526490218,True,2025-10-24 18:34:00,40.18,18863,33,7,9928403,,9338413,,1026975.0,1.0,40,Late
8526490115,False,2025-10-24 18:37:58,46.23,18863,16,34,2163,,9247354,,1027046.0,1.0,50,Late
8526395799,False,2025-10-24 17:33:02,32.5,18863,7,21,9928403,,9338413,,1026975.0,1.0,28,Normal
8526364023,False,2025-10-24 17:11:59,33.92,18863,20,28,9303484,,7119388,,1026959.0,1.0,48,Normal
8526287192,False,2025-10-24 16:30:41,37.05,18863,15,36,9338413,,9928403,,1026975.0,1.0,51,Normal
8526253311,False,2025-10-24 16:02:47,40.82,18863,19,25,9303484,,7119388,,1026959.0,1.0,44,Late
8526162093,True,2025-10-24 15:14:00,26.95,18863,32,12,9823272,,9351740,,1026921.0,1.0,44,Fast
8526077489,False,2025-10-24 14:23:59,47.37,18863,14,26,9824702,,9467224,,1026887.0,1.0,40,Late
8526048356,False,2025-10-24 14:10:01,33.8,18863,11,34,9351740,,9823272,,1026921.0,1.0,45,Normal
8525964685,True,2025-10-24 13:13:40,40.18,18863,26,9,9824702,,9467224,,1026887.0,1.0,35,Late
8525923442,True,2025-10-24 12:46:01,33.13,18863,29,11,7554697,,9758040,,1026874.0,1.0,40,Normal
8525841888,True,2025-10-24 11:50:18,52.13,18863,31,13,9467224,,9824702,,1026887.0,1.0,44,Late
8525837322,False,2025-10-24 11:41:01,38.6,18863,15,29,9758040,,7554697,,1026874.0,1.0,44,Normal
8525767585,True,2025-10-24 10:38:16,34.32,18863,32,19,9758040,,7554697,,1026874.0,1.0,51,Normal
8525750149,True,2025-10-24 10:22:16,37.1,18863,38,18,8255888,,8291895,,1026855.0,1.0,56,Normal
8525701054,True,2025-10-24 09:25:17,26.0,18863,27,3,8291895,,8255888,,1026855.0,1.0,30,Fast
8525675271,False,2025-10-24 09:00:02,50.7,18863,17,22,9895392,,726228,,1026854.0,1.0,39,Late
8525624245,True,2025-10-24 08:01:11,56.63,18863,37,35,8255888,,8291895,,1026855.0,1.0,72,Late
8525624195,True,2025-10-24 08:00:06,31.15,18863,27,6,726228,,9895392,,1026854.0,1.0,33,Normal
8525176208,True,2025-10-23 20:21:15,26.05,18863,42,6,7119388,,9823272,,1026627.0,1.0,48,Fast
8525092804,False,2025-10-23 19:14:59,36.22,18863,12,28,9823272,,7119388,,1026627.0,1.0,40,Normal
8525084966,False,2025-10-23 19:08:20,36.32,18863,12,33,9338413,,9247354,,1026538.0,1.0,45,Normal
8524964454,True,2025-10-23 17:47:01,51.4,18863,40,20,9338413,,9247354,,1026538.0,1.0,60,Late
8524945673,True,2025-10-23 17:25:48,54.37,18863,42,32,9824702,,7554697,,1026516.0,1.0,74,Late
8524864184,False,2025-10-23 16:37:57,39.73,18863,12,20,9338413,,9247354,,1026538.0,1.0,32,Normal
8524839031,False,2025-10-23 16:12:36,46.05,18863,24,36,9824702,,7554697,,1026516.0,1.0,60,Late
8524739657,False,2025-10-23 15:13:34,31.42,18863,9,40,726228,,8291895,,1026475.0,1.0,49,Normal
8524727225,False,2025-10-23 15:05:00,37.1,18863,18,25,7554697,,9824702,,1026516.0,1.0,43,Normal
8524635400,True,2025-10-23 14:10:32,31.95,18863,27,16,726228,,8291895,,1026475.0,1.0,43,Normal
8524582731,False,2025-10-23 13:35:21,39.8,18863,7,23,9895392,,8255888,,1026464.0,1.0,30,Normal
8524526299,False,2025-10-23 13:02:03,36.58,18863,11,30,726228,,8291895,,1026475.0,1.0,41,Normal
8524466226,True,2025-10-23 12:15:46,53.15,18863,32,24,8255888,,9895392,,1026464.0,1.0,56,Late
8524424099,True,2025-10-23 11:42:41,26.37,18863,33,9,2163,,9928403,,1026452.0,1.0,42,Fast
8524359859,True,2025-10-23 10:41:14,39.17,18863,42,17,9303484,,9351740,,1026443.0,1.0,59,Normal
8524344903,True,2025-10-23 10:38:34,32.68,18863,22,13,2163,,9928403,,1026452.0,1.0,35,Normal
8524282610,False,2025-10-23 09:17:28,39.95,18863,23,33,9303484,,9351740,,1026443.0,1.0,56,Normal
8524279497,False,2025-10-23 09:09:43,32.25,18863,9,24,9758040,,9467224,,1026442.0,1.0,33,Normal
8524227494,False,2025-10-23 08:01:28,44.8,18863,21,35,9351740,,9303484,,1026443.0,1.0,56,Late
8524223314,False,2025-10-23 08:03:51,37.92,18863,11,27,9758040,,9467224,,1026442.0,1.0,38,Normal
8692761931,True,2026-02-15 20:00:30,32.45,19099,33,10,2163,,36,,1065068.0,2.0,43,Normal
8692691067,False,2026-02-15 18:56:12,34.0,19099,17,42,36,,2163,,1064947.0,2.0,59,Normal
8692497249,False,2026-02-15 16:56:10,63.47,19099,43,49,2163,,36,,1064947.0,2.0,92,Late
8692381181,False,2026-02-15 15:29:28,33.03,19099,16,29,36,,2163,,1064947.0,2.0,45,Normal
8691428241,True,2026-02-14 22:37:46,40.43,19099,27,10,36,,9823272,,1064645.0,2.0,37,Late
8691341665,False,2026-02-14 21:03:59,60.75,19099,38,31,9823272,,36,,1064645.0,2.0,69,Late
8691221504,True,2026-02-14 19:20:08,48.92,19099,36,22,9823272,,36,,1064645.0,2.0,58,Late
8691152810,False,2026-02-14 18:25:23,23.92,19099,11,28,9823272,,36,,1064645.0,2.0,39,Fast
8691060575,True,2026-02-14 17:21:01,33.68,19099,28,6,9823272,,36,,1064645.0,2.0,34,Normal
8690871387,True,2026-02-14 15:04:58,85.12,19099,32,36,2163,,2586976,,1064569.0,2.0,68,Late
8690770904,False,2026-02-14 13:57:05,38.35,19099,17,27,2586976,,2163,,1064569.0,2.0,44,Normal
8690685211,True,2026-02-14 13:00:38,24.32,19099,20,8,2163,,2586976,,1064569.0,2.0,28,Fast
8690043972,True,2026-02-13 23:21:08,46.58,19099,30,20,9823272,,9303484,,1064393.0,2.0,50,Late
8689976673,True,2026-02-13 21:50:56,46.07,19099,40,21,9823272,,9303484,,1064393.0,2.0,61,Late
8689898665,False,2026-02-13 20:31:02,45.9,19099,21,30,9303484,,9823272,,1064393.0,2.0,51,Late
8689821393,False,2026-02-13 19:25:01,33.52,19099,10,26,9823272,,9303484,,1064393.0,2.0,36,Normal
8689716934,False,2026-02-13 18:01:17,37.57,19099,19,35,9247354,,2163,,1064245.0,2.0,54,Normal
8689610128,True,2026-02-13 16:41:23,43.02,19099,37,18,9247354,,2163,,1064245.0,2.0,55,Late
8689505222,True,2026-02-13 15:25:45,34.78,19099,35,17,2163,,9247354,,1064245.0,2.0,52,Normal
8689410743,False,2026-02-13 14:20:58,32.52,19099,18,46,9247354,,2163,,1064245.0,2.0,64,Normal
8689312274,False,2026-02-13 13:03:53,44.55,19099,12,26,2163,,9247354,,1064245.0,2.0,38,Late
8683333901,True,2026-02-08 17:45:39,36.73,19099,23,18,2163,,9964962,,1062892.0,1.0,41,Normal
8683239884,False,2026-02-08 16:45:39,27.42,19099,9,34,9964962,,2163,,1062892.0,1.0,43,Fast
8683127512,False,2026-02-08 15:26:25,39.73,19099,11,36,8291895,,9303484,,1062830.0,1.0,47,Normal
8682972538,False,2026-02-08 13:56:50,56.45,19099,9,25,8291895,,9303484,,1062830.0,1.0,34,Late
8681759092,True,2026-02-07 17:42:41,53.78,19099,21,13,9247354,,8261500,,1062499.0,1.0,34,Late
8681659188,False,2026-02-07 16:30:46,38.75,19099,16,24,8261500,,9247354,,1062499.0,1.0,40,Normal
8681524068,False,2026-02-07 15:04:47,51.85,19099,18,32,7119388,,9823272,,1062437.0,1.0,50,Late
8681420176,False,2026-02-07 13:55:48,37.55,19099,10,26,7119388,,9823272,,1062437.0,1.0,36,Normal
8680386178,False,2026-02-06 19:21:35,38.67,19099,11,42,9338413,,9964962,,1062162.0,1.0,53,Normal
8680299422,False,2026-02-06 18:16:33,35.15,19099,16,34,9964962,,9338413,,1062162.0,1.0,50,Normal
8680195641,False,2026-02-06 17:02:18,42.83,19099,8,29,9338413,,9964962,,1062162.0,1.0,37,Late
8680063852,False,2026-02-06 15:33:13,52.08,19099,27,41,9828897,,9303484,,1062103.0,1.0,68,Late
8679911370,True,2026-02-06 13:55:55,63.53,19099,44,27,9303484,,9828897,,1062103.0,1.0,71,Late
8679156367,False,2026-02-05 21:12:24,50.98,19099,44,36,9303484,,9338413,,1061902.0,0.0,80,Late
8679084070,True,2026-02-05 19:55:14,49.62,19099,34,23,9247354,,8291895,,1061873.0,0.0,57,Late
8679080712,False,2026-02-05 19:52:03,34.22,19099,22,38,9828897,,7119388,,1061871.0,0.0,60,Normal
8679012467,True,2026-02-05 18:50:43,33.48,19099,37,11,9964962,,9823272,,1061851.0,0.0,48,Normal
8678990124,False,2026-02-05 18:31:58,55.13,19099,19,26,8261500,,36,,1061845.0,0.0,45,Late
8678941086,True,2026-02-05 17:52:01,30.35,19099,25,7,2163,,9303484,,1061833.0,0.0,32,Normal
8678917696,False,2026-02-05 17:33:25,33.05,19099,5,30,9828897,,2586976,,1061829.0,0.0,35,Normal
8678833793,False,2026-02-05 16:28:30,56.75,19099,37,42,9338413,,9964962,,1061810.0,0.0,79,Late
8678799687,True,2026-02-05 16:03:33,62.98,19099,53,24,9823272,,9247354,,1061802.0,0.0,77,Late
8678737586,True,2026-02-05 15:18:31,38.0,19099,29,17,7119388,,8291895,,1061789.0,0.0,46,Normal
8678680298,True,2026-02-05 14:38:34,58.18,19099,31,12,9303484,,36,,1061784.0,0.0,43,Late
8678634168,False,2026-02-05 14:06:45,44.1,19099,24,27,9828897,,8261500,,1061778.0,0.0,51,Late
8678580370,True,2026-02-05 13:29:51,45.15,19099,47,19,2586976,,8291895,,1061773.0,0.0,66,Late
8678549217,False,2026-02-05 13:07:26,26.3,19099,4,35,9964962,,2163,,1061761.0,0.0,39,Fast
8678479418,False,2026-02-05 12:12:55,50.68,19099,17,28,7119388,,9247354,,1061752.0,0.0,45,Late
8678464003,True,2026-02-05 11:59:50,38.13,19099,34,12,9338413,,9823272,,1061748.0,0.0,46,Normal
8678410902,False,2026-02-05 11:09:42,36.47,19099,12,30,9964962,,36,,1061740.0,0.0,42,Normal
8678406332,True,2026-02-05 11:05:01,23.9,19099,23,7,9303484,,9828897,,1061739.0,0.0,30,Fast
8678359390,True,2026-02-05 10:11:22,31.62,19099,26,10,8291895,,8261500,,1061732.0,0.0,36,Normal
8678352653,False,2026-02-05 10:03:01,30.28,19099,8,27,2163,,9823272,,1061729.0,0.0,35,Normal
8678303787,False,2026-02-05 08:58:47,47.03,19099,26,23,2586976,,7119388,,1061724.0,0.0,49,Late
8678301907,False,2026-02-05 08:56:10,34.57,19099,9,37,9338413,,9247354,,1061721.0,0.0,46,Normal
8677905488,True,2026-02-04 21:30:34,46.38,19099,39,18,2163,,8261500,,1061621.0,0.0,57,Late
8677862485,False,2026-02-04 20:38:51,57.93,19099,18,30,2586976,,36,,1061606.0,0.0,48,Late
8677839869,False,2026-02-04 20:15:56,47.15,19099,32,25,9303484,,8291895,,1061602.0,0.0,57,Late
8677811159,True,2026-02-04 19:49:01,19.97,19099,27,1,9964962,,9828897,,1061592.0,0.0,28,Fast
8677761527,False,2026-02-04 19:03:44,41.27,19099,17,32,7119388,,8261500,,1061580.0,0.0,49,Late
8677741097,False,2026-02-04 18:45:45,35.77,19099,7,34,36,,9823272,,1061573.0,0.0,41,Normal
8677673569,True,2026-02-04 17:49:44,45.32,19099,38,24,2586976,,9247354,,1061545.0,0.0,62,Late
8677667228,False,2026-02-04 17:44:36,33.52,19099,27,32,2163,,9338413,,1061543.0,0.0,59,Normal
8677590159,False,2026-02-04 16:43:48,26.43,19099,9,27,9828897,,9823272,,1061526.0,0.0,36,Fast
8677589717,False,2026-02-04 16:43:26,39.45,19099,17,34,9964962,,8291895,,1061525.0,0.0,51,Normal
8677505029,False,2026-02-04 15:39:58,37.28,19099,11,52,9338413,,36,,1061510.0,0.0,63,Normal
8677493033,True,2026-02-04 15:31:21,44.93,19099,39,18,9303484,,7119388,,1061508.0,0.0,57,Late
8677394706,False,2026-02-04 14:22:02,40.22,19099,12,28,2586976,,8261500,,1061486.0,0.0,40,Late
8677377717,False,2026-02-04 14:10:26,63.28,19099,39,36,9247354,,2163,,1061481.0,0.0,75,Late
8677298233,True,2026-02-04 13:15:19,41.25,19099,30,6,7119388,,9964962,,1061471.0,0.0,36,Late
8677265480,False,2026-02-04 12:50:50,49.5,19099,22,36,9823272,,8291895,,1061461.0,0.0,58,Late
8677212065,True,2026-02-04 12:07:10,38.07,19099,34,15,9828897,,9338413,,1061449.0,0.0,49,Normal
8677172021,True,2026-02-04 11:30:07,54.42,19099,39,6,9303484,,2586976,,1061443.0,0.0,45,Late
8677094950,False,2026-02-04 10:03:04,54.85,19099,17,27,8261500,,9247354,,1061436.0,0.0,44,Late
8677092883,True,2026-02-04 10:00:24,84.35,19099,51,35,2163,,36,,1061434.0,0.0,86,Late
8677045357,False,2026-02-04 08:57:24,37.55,19099,16,36,9338413,,8291895,,1061429.0,0.0,52,Normal
8677045158,False,2026-02-04 08:57:08,34.38,19099,8,34,7119388,,9823272,,1061428.0,0.0,42,Normal
8676614175,True,2026-02-03 20:58:03,31.67,19099,32,10,2163,,9828897,,1061308.0,0.0,42,Normal
8676606186,False,2026-02-03 20:49:00,31.17,19099,19,29,9964962,,2586976,,1061307.0,0.0,48,Normal
8676532526,False,2026-02-03 19:34:44,56.6,19099,38,16,9303484,,8261500,,1061280.0,0.0,54,Late
8676531668,False,2026-02-03 19:33:59,48.53,19099,21,23,9247354,,36,,1061279.0,0.0,44,Late
8676474878,True,2026-02-03 18:44:00,15.75,19099,19,1,9338413,,7119388,,1061259.0,0.0,20,Fast
8676439835,True,2026-02-03 18:14:58,51.93,19099,35,11,2586976,,9823272,,1061250.0,0.0,46,Late
8676399865,False,2026-02-03 17:42:00,35.0,19099,8,31,9964962,,8261500,,1061237.0,0.0,39,Normal
8676333293,False,2026-02-03 16:49:36,55.92,19099,12,30,2163,,8291895,,1061227.0,0.0,42,Late
8676297509,False,2026-02-03 16:22:24,52.83,19099,37,39,9828897,,36,,1061222.0,0.0,76,Late
8676235420,False,2026-02-03 15:36:39,41.67,19099,20,27,9303484,,9247354,,1061215.0,0.0,47,Late
8676214148,True,2026-02-03 15:21:30,31.38,19099,28,12,2586976,,9338413,,1061213.0,0.0,40,Normal
8676144334,True,2026-02-03 14:32:51,33.83,19099,38,9,2163,,7119388,,1061206.0,0.0,47,Normal
8676133151,True,2026-02-03 14:25:11,37.87,19099,30,7,9823272,,8261500,,1061205.0,0.0,37,Normal
8676043517,False,2026-02-03 13:26:32,38.22,19099,12,19,8291895,,36,,1061197.0,0.0,31,Normal
8676004943,True,2026-02-03 13:00:06,40.68,19099,27,15,9964962,,9303484,,1061186.0,0.0,42,Late
8675957583,False,2026-02-03 12:24:12,35.78,19099,10,26,9828897,,9247354,,1061182.0,0.0,36,Normal
8675934481,False,2026-02-03 12:05:14,41.75,19099,18,30,9338413,,8261500,,1061173.0,0.0,48,Late
8675882674,False,2026-02-03 11:17:05,40.17,19099,18,39,2163,,2586976,,1061169.0,0.0,57,Late
8675848583,False,2026-02-03 10:41:00,32.45,19099,6,23,9823272,,9303484,,1061166.0,0.0,29,Normal
8675821146,True,2026-02-03 10:09:07,42.37,19099,32,19,7119388,,36,,1061164.0,0.0,51,Late
8675768384,True,2026-02-03 09:00:34,72.28,19099,37,34,8291895,,9828897,,1061159.0,0.0,71,Late
8675766030,True,2026-02-03 08:57:34,42.88,19099,30,16,9964962,,9247354,,1061158.0,0.0,46,Late
