match_id,radiant_win,start_time,duration,leagueid,radiant_score,dire_score,radiant_team_id,radiant_team_name,dire_team_id,dire_team_name,series_id,series_type
8712056091,True,1772388652,2833,19269,32,31,8291895,,9467224,,1069888.0,2.0
8711970053,True,1772384823,1919,19269,37,8,9467224,,8291895,,1069888.0,2.0
8711885801,False,1772381334,1691,19269,6,28,9467224,,8291895,,1069888.0,2.0
8711768658,False,1772376899,2508,19269,11,37,9467224,,8291895,,1069888.0,2.0
8711578057,True,1772370355,2080,19269,30,15,9467224,,2163,,1069815.0,1.0
8711465051,True,1772366096,2197,19269,26,8,9467224,,2163,,1069815.0,1.0
8710481024,True,1772305014,2318,19269,32,16,8291895,,2163,,1069583.0,1.0
8710371476,False,1772300335,2733,19269,14,45,2163,,8291895,,1069583.0,1.0
8710260672,False,1772295835,1749,19269,7,28,8261500,,9467224,,1069489.0,1.0
8710135523,False,1772291096,2846,19269,20,32,8261500,,9467224,,1069489.0,1.0
8710019404,False,1772286964,2390,19269,20,24,9467224,,8261500,,1069489.0,1.0
8708807338,False,1772211121,4044,19269,25,31,8261500,,9247354,,1069113.0,1.0
8708690141,False,1772206140,2432,19269,28,33,9338413,,9572001,,1069093.0,1.0
8708689404,True,1772206023,3098,19269,26,18,8261500,,9247354,,1069113.0,1.0
8708568399,False,1772201275,2880,19269,29,45,8261500,,9247354,,1069095.0,1.0
8708565430,True,1772202250,1945,19269,34,10,9572001,,9338413,,1069093.0,1.0
8708445472,False,1772196180,2586,19269,19,36,8255888,,9467224,,1069053.0,1.0
8708443393,False,1772196118,2553,19269,12,40,8291895,,2163,,1069052.0,1.0
8708368779,True,1772192458,1773,19269,34,15,2163,,8291895,,1069052.0,1.0
8708347585,False,1772191260,2955,19269,13,37,8255888,,9467224,,1069053.0,1.0
8708294079,False,1772187900,1541,19269,6,21,9467224,,8255888,,1069053.0,1.0
8708293887,True,1772187898,2591,19269,32,36,8291895,,2163,,1069052.0,1.0
8707906607,True,1772151035,2491,19269,34,12,9572001,,9247354,,1068888.0,1.0
8707867898,False,1772146740,2456,19269,21,24,9572001,,9247354,,1068888.0,1.0
8707822522,True,1772142720,2117,19269,19,16,9572001,,9247354,,1068888.0,1.0
8707774059,True,1772138894,2114,19269,29,14,8261500,,9467224,,1068799.0,1.0
8707662784,False,1772132820,3147,19269,18,35,9467224,,8261500,,1068799.0,1.0
8707575685,False,1772128500,2471,19269,18,29,8261500,,9467224,,1068799.0,1.0
8707467954,True,1772123516,1840,19269,26,14,2163,,9338413,,1068739.0,1.0
8707360093,False,1772118897,2748,19269,21,31,9338413,,2163,,1068739.0,1.0
8707250597,False,1772114637,2047,19269,12,30,2163,,9338413,,1068739.0,1.0
8707134142,True,1772109836,2247,19269,34,15,8291895,,8255888,,1068706.0,1.0
8707039268,True,1772105095,2853,19269,44,14,8255888,,8291895,,1068706.0,1.0
8706982309,False,1772101496,1668,19269,7,29,8255888,,8291895,,1068706.0,1.0
8706561733,True,1772060820,2537,19269,36,24,9338413,,9467224,,1068571.0,1.0
8706520721,True,1772056920,2066,19269,34,21,9338413,,9467224,,1068571.0,1.0
8706467498,True,1772052841,2234,19269,37,21,9467224,,9338413,,1068571.0,1.0
8706393740,True,1772048400,1718,19269,23,12,8291895,,9247354,,,
8706315543,False,1772044380,2118,19269,14,33,9247354,,8291895,,1068510.0,1.0
8706217180,False,1772039636,1595,19269,13,28,9572001,,2163,,1068433.0,1.0
8706108597,False,1772034719,3089,19269,25,29,9572001,,2163,,1068433.0,1.0
8705985032,True,1772029556,3288,19269,32,29,9572001,,2163,,1068433.0,1.0
8705868819,False,1772024876,2194,19269,11,30,8255888,,8261500,,1068381.0,1.0
8705770056,False,1772020136,2969,19269,10,24,8261500,,8255888,,1068381.0,1.0
8705689500,False,1772015097,3149,19269,33,22,8255888,,8261500,,1068381.0,1.0
8705234350,False,1771971382,2512,19269,31,39,9467224,,2163,,1068197.0,1.0
8705170081,True,1771966440,2940,19269,43,30,9467224,,2163,,1068197.0,1.0
8705093983,False,1771961940,2369,19269,15,35,9467224,,2163,,1068197.0,1.0
8704994010,False,1771956900,2618,19269,24,41,9338413,,9247354,,1068145.0,1.0
8704911047,False,1771953000,2008,19269,14,34,9338413,,9247354,,1068145.0,1.0
8704809958,True,1771948496,1626,19269,33,5,8255888,,9572001,,1068110.0,1.0
8704672982,True,1771942917,3724,19269,36,22,8255888,,9572001,,1068110.0,1.0
8704584247,True,1771939498,1443,19269,18,5,9572001,,8255888,,1068110.0,1.0
8704436647,False,1771932783,2844,19269,16,40,8261500,,8291895,,1068081.0,1.0
8704372110,False,1771928695,2181,19269,15,24,8261500,,8291895,,1068081.0,1.0
8703862527,True,1771881360,1561,19269,37,12,2163,,9247354,,1067962.0,1.0
8703811606,False,1771878120,1271,19269,2,28,9247354,,2163,,1067962.0,1.0
8703682176,False,1771871340,4150,19269,31,30,8291895,,9467224,,1067901.0,1.0
8703596234,True,1771867320,2061,19269,27,12,9467224,,8291895,,1067901.0,1.0
8703518862,False,1771863986,1489,19269,3,28,9467224,,8291895,,1067901.0,1.0
8703354577,True,1771857238,2018,19269,30,14,8261500,,9572001,,1067856.0,1.0
8703243107,False,1771853095,2246,19269,10,31,9572001,,8261500,,1067856.0,1.0
8703101544,False,1771847457,2256,19269,18,33,9338413,,8255888,,1067829.0,1.0
8702997623,True,1771842851,2823,19269,28,30,8255888,,9338413,,1067829.0,1.0
8702331491,True,1771792920,2491,19269,41,7,9467224,,9247354,,1067597.0,1.0
8702232936,True,1771788304,2582,19269,45,20,9467224,,9247354,,1067597.0,1.0
8702081221,True,1771781880,1791,19269,39,8,2163,,8255888,,1067502.0,1.0
8701978003,False,1771777800,2213,19269,12,17,8255888,,2163,,1067502.0,1.0
8701817219,True,1771771916,2822,19269,42,20,8291895,,9572001,,1067405.0,1.0
8701666212,False,1771766698,3320,19269,28,24,9572001,,8291895,,1067405.0,1.0
8701495156,False,1771759799,2343,19269,15,32,9338413,,8261500,,1067332.0,1.0
8701415358,True,1771755934,1969,19269,30,9,8261500,,9338413,,1067332.0,1.0
8700717009,False,1771707120,2983,19269,19,36,8255888,,9247354,,1067120.0,1.0
8700643559,False,1771703520,1786,19269,14,28,8255888,,9247354,,1067120.0,1.0
8700519354,False,1771698120,2675,19269,17,28,9572001,,9467224,,1067050.0,1.0
8700405044,True,1771693740,2525,19269,37,30,9467224,,9572001,,1067050.0,1.0
8700287136,False,1771689056,1643,19269,8,29,9338413,,8291895,,1066938.0,1.0
8700166436,False,1771684498,2488,19269,24,31,8291895,,9338413,,1066938.0,1.0
8700062110,False,1771680778,1826,19269,10,29,9338413,,8291895,,1066938.0,1.0
8699897894,False,1771673460,1510,19269,6,21,8261500,,2163,,1066888.0,1.0
8699819713,False,1771669515,2053,19269,8,34,8261500,,2163,,1066888.0,1.0
8698996024,False,1771615300,3700,19269,19,33,2586976,,8255888,,1066585.0,1.0
8698904895,True,1771609797,2512,19269,32,9,2586976,,8255888,,1066585.0,1.0
8698782516,True,1771604996,3005,19269,32,18,8255888,,2586976,,1066585.0,1.0
8698668899,True,1771599660,2824,19269,46,25,9247354,,8291895,,1066533.0,3.0
8698660679,False,1771599477,2326,19269,27,28,8261500,,9338413,,1066549.0,3.0
8698630441,False,1771598101,2180,19269,18,28,8254145,,36,,1066534.0,3.0
8698613744,False,1771597560,2151,19269,16,40,9964962,,7119388,,1066537.0,3.0
8698568968,False,1771595222,2527,19269,8,24,9338413,,8261500,,1066549.0,3.0
8698542436,True,1771593960,1629,19269,26,2,9964962,,7119388,,1066537.0,3.0
8698519769,False,1771593900,2575,19269,15,35,8254145,,36,,1066534.0,3.0
8698519674,False,1771593900,3755,19269,32,51,8291895,,9247354,,1066533.0,3.0
8698438568,False,1771588800,2662,19269,18,36,67,,2163,,1066507.0,3.0
8698437169,True,1771588741,1941,19269,43,20,9823272,,9467224,,1066508.0,3.0
8698436662,False,1771588975,3835,19269,25,34,8255888,,2586976,,1066504.0,3.0
8698428156,False,1771588680,1794,19269,7,38,9351740,,9572001,,1066505.0,3.0
8698371604,True,1771585098,1836,19269,34,16,9467224,,9823272,,1066508.0,3.0
8698371110,False,1771584939,1999,19269,21,45,67,,2163,,1066507.0,3.0
8698367627,True,1771584900,1663,19269,38,14,9572001,,9351740,,1066505.0,3.0
8698367105,True,1771584898,2187,19269,25,12,2586976,,8255888,,1066504.0,3.0
8697789792,False,1771532760,1951,19269,10,24,9338413,,9964962,,1066280.0,3.0
8697754563,True,1771531016,3909,19269,31,24,8261500,,9247354,,1066269.0,3.0
8697750242,False,1771530420,1877,19269,9,30,36,,8291895,,1066267.0,3.0
8697723954,True,1771529520,1608,19269,24,11,7119388,,8254145,,1066273.0,3.0
8697698749,False,1771528137,2730,19269,13,24,9964962,,9338413,,1066280.0,3.0
8697682487,False,1771526591,1816,19269,6,29,8254145,,7119388,,1066273.0,3.0
8697681037,True,1771526518,2094,19269,38,16,8291895,,36,,1066267.0,3.0
8697666126,False,1771526396,2806,19269,20,33,8261500,,9247354,,1066269.0,3.0
8697596107,False,1771522800,2802,19269,21,18,9823272,,67,,1066214.0,3.0
8697576851,True,1771521780,2133,19269,44,11,9572001,,9467224,,1066213.0,3.0
8697564182,False,1771521656,2275,19269,19,32,2586976,,2163,,1066207.0,3.0
8697542120,False,1771520759,2548,19269,18,33,9351740,,8255888,,1066205.0,3.0
8697485006,True,1771518184,2709,19269,32,25,67,,9823272,,1066214.0,3.0
8697483686,True,1771518000,1872,19269,19,11,9467224,,9572001,,1066213.0,3.0
8697468814,True,1771517517,2191,19269,33,13,2163,,2586976,,1066207.0,3.0
8697450883,True,1771516799,2151,19269,27,17,8255888,,9351740,,1066205.0,3.0
8697361675,False,1771512420,2659,19269,26,27,9964962,,8261500,,1066168.0,3.0
8697344540,True,1771511943,2983,19269,34,29,9338413,,36,,1066171.0,3.0
8697341660,False,1771511875,2644,19269,20,35,9247354,,7119388,,1066167.0,3.0
8697328519,False,1771511339,2554,19269,15,43,8254145,,8291895,,1066169.0,3.0
8697269393,True,1771508520,1629,19269,35,14,9338413,,36,,1066171.0,3.0
8697256357,True,1771507799,1719,19269,28,5,8291895,,8254145,,1066169.0,3.0
8697255100,False,1771507517,3147,19269,11,34,8261500,,9964962,,1066168.0,3.0
8697249030,False,1771507498,2474,19269,14,31,7119388,,9247354,,1066167.0,3.0
8697190420,True,1771504080,1947,19269,37,17,2163,,8255888,,1066161.0,3.0
8697171723,True,1771503000,2035,19269,32,6,9467224,,2586976,,1066153.0,3.0
8697154213,False,1771502340,2359,19269,13,43,9823272,,9572001,,1066151.0,3.0
8697151353,True,1771502099,3487,19269,43,48,9351740,,67,,1066149.0,3.0
8697096074,False,1771498619,2360,19269,8,23,2586976,,9467224,,1066153.0,3.0
8697090294,False,1771498501,1926,19269,5,23,9572001,,9823272,,1066151.0,3.0
8697089342,False,1771498501,3629,19269,35,32,2163,,8255888,,1066150.0,3.0
8697088694,True,1771498499,1898,19269,30,16,9351740,,67,,1066149.0,3.0
8696528491,False,1771445759,2477,19269,12,29,7119388,,8291895,,1065970.0,3.0
8696488308,False,1771443188,2201,19269,18,36,8261500,,36,,1065960.0,3.0
8696474752,False,1771442941,2516,19269,13,34,9964962,,9247354,,1065958.0,3.0
8696466009,False,1771442580,2450,19269,19,31,8254145,,9338413,,1065959.0,3.0
8696428864,True,1771440475,3413,19269,29,48,8291895,,7119388,,1065970.0,3.0
8696407511,True,1771439340,2112,19269,20,8,36,,8261500,,1065960.0,3.0
8696400188,True,1771439101,1497,19269,25,7,9338413,,8254145,,1065959.0,3.0
8696399585,True,1771439102,1813,19269,31,15,9964962,,9247354,,1065958.0,3.0
8696317708,True,1771435020,1854,19269,29,11,9467224,,2163,,1065906.0,3.0
8696315160,False,1771435079,3015,19269,19,36,2586976,,9572001,,1065903.0,3.0
8696295052,True,1771434180,2571,19269,44,23,8255888,,67,,1065902.0,3.0
8696286823,False,1771433821,2591,19269,18,38,9823272,,9351740,,1065897.0,3.0
8696228605,True,1771430988,2146,19269,33,12,9467224,,2163,,1065906.0,3.0
8696218051,True,1771430635,2524,19269,28,17,9572001,,2586976,,1065903.0,3.0
8696216369,False,1771430282,2053,19269,8,39,67,,8255888,,1065902.0,3.0
8696203572,False,1771430100,1884,19269,10,30,9351740,,9823272,,,
8696122466,True,1771426380,1590,19269,32,9,9338413,,9247354,,1065858.0,3.0
8696116685,False,1771425714,1944,19269,11,26,36,,7119388,,1065857.0,3.0
8696105036,True,1771425303,1835,19269,23,19,8291895,,9964962,,1065855.0,3.0
8696088640,False,1771424640,1670,19269,4,34,8254145,,8261500,,1065852.0,3.0
8696032319,True,1771422120,2440,19269,29,28,9338413,,9247354,,1065858.0,3.0
8696025726,False,1771421219,2748,19269,25,34,7119388,,36,,1065857.0,3.0
8696016706,False,1771421286,2119,19269,16,40,9964962,,8291895,,1065855.0,3.0
8696007524,False,1771421221,1628,19269,16,32,8254145,,8261500,,1065852.0,3.0
8695945509,False,1771416733,2124,19269,6,35,2586976,,67,,1065842.0,3.0
8695942998,True,1771417170,1549,19269,26,15,9467224,,9351740,,1065835.0,3.0
8695931779,False,1771416241,2482,19269,20,46,9823272,,8255888,,1065832.0,3.0
8695931537,False,1771416600,2958,19269,24,30,9572001,,2163,,1065831.0,3.0
8695879068,True,1771412504,2835,19269,42,28,9467224,,9351740,,1065835.0,3.0
8695867426,True,1771412100,2292,19269,27,16,8255888,,9823272,,1065832.0,3.0
8695864051,True,1771412100,2613,19269,32,19,9572001,,2163,,1065831.0,3.0
8695336368,True,1771361100,4796,19269,34,28,8261500,,8291895,,1065668.0,3.0
8695317896,False,1771359846,2648,19269,17,28,9964962,,36,,1065653.0,3.0
8695299239,False,1771359185,1962,19269,13,44,8254145,,9247354,,1065638.0,3.0
8695261608,False,1771357215,1965,19269,9,30,8261500,,8291895,,1065668.0,3.0
8695241710,False,1771355760,1972,19269,12,30,9964962,,36,,1065653.0,3.0
8695219250,False,1771354929,2490,19269,20,40,8254145,,9247354,,1065638.0,3.0
8695177931,True,1771352460,1923,19269,28,12,2586976,,9823272,,1065602.0,3.0
8695145808,True,1771350960,2348,19269,29,14,9572001,,8255888,,1065583.0,3.0
8695126869,True,1771350240,2045,19269,24,17,2163,,9351740,,1065588.0,3.0
8695096621,True,1771348861,1712,19269,35,8,2586976,,9823272,,1065602.0,3.0
8695048813,False,1771346663,1619,19269,12,26,9351740,,2163,,1065588.0,3.0
8695029034,False,1771345981,3131,19269,22,27,8255888,,9572001,,1065583.0,3.0
8694987925,False,1771343821,2638,19269,16,37,36,,9247354,,1065561.0,3.0
8694940772,False,1771341721,2444,19269,20,26,9964962,,8254145,,1065552.0,3.0
8694931163,True,1771341540,2094,19269,27,18,9338413,,7119388,,1065556.0,3.0
8694893418,False,1771339891,2030,19269,13,20,36,,9247354,,1065561.0,3.0
8694844159,False,1771337429,2190,19269,16,25,9338413,,7119388,,1065556.0,3.0
8694827368,True,1771336954,2612,19269,33,21,8254145,,9964962,,1065552.0,3.0
8694763191,True,1771333888,3333,19269,31,39,2163,,9823272,,1065531.0,3.0
8694753345,False,1771333104,1911,19269,16,23,67,,9467224,,1065529.0,3.0
8694745868,True,1771333084,1392,19269,27,10,2586976,,9351740,,1065530.0,3.0
8694692688,True,1771329615,1601,19269,38,9,2586976,,9351740,,1065530.0,3.0
8694627572,False,1771329302,2254,19269,19,23,9823272,,2163,,1065531.0,3.0
8694620579,True,1771329299,1808,19269,30,15,9467224,,67,,1065529.0,3.0
8694016846,True,1771272480,1940,19269,28,21,9338413,,8291895,,1065356.0,3.0
8693948351,True,1771269062,1451,19269,31,7,8291895,,9338413,,1065356.0,3.0
8693833533,False,1771263190,3397,19269,28,42,8255888,,9467224,,1065279.0,3.0
8693723587,True,1771259027,2218,19269,34,17,9467224,,8255888,,1065279.0,3.0
8693593278,True,1771252800,3092,19269,31,15,8261500,,7119388,,1065245.0,3.0
8693504706,False,1771248544,2385,19269,6,25,7119388,,8261500,,1065245.0,3.0
8693417171,False,1771243783,2396,19269,17,42,67,,9572001,,1065226.0,3.0
8693354840,False,1771239343,1765,19269,2,31,67,,9572001,,1065226.0,3.0
8573489164,True,1763921777,2630,18920,32,16,9338413,,7119388,,1039213.0,2.0
8573374192,True,1763917561,2560,18920,37,12,7119388,,9338413,,1039213.0,2.0
8573257030,True,1763913464,2394,18920,20,14,9338413,,7119388,,1039213.0,2.0
8573136306,True,1763909614,2119,18920,29,23,9338413,,7119388,,1039213.0,2.0
8572973892,False,1763904686,3292,18920,24,36,9338413,,7119388,,1039213.0,2.0
8572758153,True,1763897576,2328,18920,42,22,9338413,,2163,,1039062.0,1.0
8572646777,False,1763892992,2909,18920,23,29,9338413,,2163,,1039062.0,1.0
8572546517,False,1763888685,2326,18920,17,44,2163,,9338413,,1039062.0,1.0
8571700292,False,1763838454,1788,18920,16,27,8255888,,9338413,,1038820.0,1.0
8571606565,True,1763834953,1871,18920,34,16,9338413,,8255888,,1038820.0,1.0
8571495717,True,1763831115,2184,18920,31,12,8255888,,9338413,,1038820.0,1.0
8571364449,False,1763826709,2488,18920,21,28,2163,,7119388,,1038719.0,1.0
8571247569,False,1763823160,1753,18920,11,19,2163,,7119388,,1038719.0,1.0
8571126998,False,1763819427,1867,18920,9,32,7119388,,2163,,1038719.0,1.0
8570969478,False,1763814076,3119,18920,25,35,2586976,,9338413,,1038621.0,1.0
8570874935,True,1763810353,2134,18920,24,12,9338413,,2586976,,1038621.0,1.0
8570776037,False,1763805718,2873,18920,7,25,9572001,,8255888,,1038555.0,1.0
8570710804,True,1763802495,1559,18920,16,8,9572001,,8255888,,1038555.0,1.0
8570633976,True,1763798414,2212,18920,23,3,8255888,,9572001,,1038555.0,1.0
8570012520,True,1763755972,2130,18920,19,26,2163,,2586976,,1038288.0,1.0
8569914503,True,1763751836,2551,18920,38,25,2586976,,2163,,1038288.0,1.0
8569788728,True,1763746854,3916,18920,27,28,2163,,2586976,,1038288.0,1.0
8569592391,False,1763739946,3083,18920,18,35,9572001,,7119388,,1038192.0,1.0
8569460372,True,1763735590,2708,18920,21,11,7119388,,9572001,,1038192.0,1.0
8569364606,True,1763732337,1505,18920,27,2,9572001,,7119388,,1038192.0,1.0
8569237006,True,1763727479,2388,18920,29,11,8255888,,8291895,,1038145.0,1.0
8569161346,True,1763723763,2030,18920,27,8,8255888,,8291895,,1038145.0,1.0
8569093169,False,1763719938,2100,18920,14,26,8255888,,8291895,,1038145.0,1.0
8569028066,True,1763715553,2502,18920,35,25,9338413,,9303484,,1038129.0,1.0
8568979829,False,1763712004,1917,18920,16,29,9303484,,9338413,,1038129.0,1.0
8568316530,True,1763662553,2363,18920,35,15,2163,,8291895,,1037873.0,1.0
8568207580,False,1763658155,2567,18920,15,32,8291895,,2163,,1037873.0,1.0
8568096717,False,1763653866,2321,18920,13,33,8255888,,2586976,,1037800.0,1.0
8568000516,True,1763650233,1972,18920,24,11,2586976,,8255888,,1037800.0,1.0
8567870841,True,1763645654,2887,18920,27,12,8255888,,2586976,,1037800.0,1.0
8567739646,False,1763640427,3004,18920,22,32,9303484,,7119388,,1037746.0,1.0
8567657243,False,1763636214,2442,18920,10,34,9303484,,7119388,,1037746.0,1.0
8567602441,False,1763632661,1605,18920,5,30,9338413,,9572001,,1037733.0,1.0
8567561632,True,1763629628,1593,18920,23,3,9338413,,9572001,,1037733.0,1.0
8567510660,False,1763625772,2078,18920,21,33,9338413,,9572001,,1037733.0,1.0
8566721284,False,1763570159,3763,18920,17,31,8261500,,9303484,,1037478.0,1.0
8566575682,True,1763564535,3910,18920,34,24,9303484,,8261500,,1037478.0,1.0
8566440025,True,1763559662,3307,18920,26,22,8261500,,9303484,,1037478.0,1.0
8566338044,True,1763555680,2232,18920,33,11,8255888,,9964962,,1037415.0,1.0
8566249805,False,1763551636,2349,18920,12,24,9964962,,8255888,,1037415.0,1.0
8566178407,False,1763547626,2252,18920,10,21,8255888,,9964962,,1037415.0,1.0
8566115708,True,1763543243,2179,18920,36,14,8291895,,36,,1037406.0,1.0
8566063733,False,1763539225,2278,18920,12,32,36,,8291895,,1037406.0,1.0
8565317670,True,1763484970,3391,18920,29,30,9572001,,8255888,,1037129.0,1.0
8565187933,False,1763480108,3072,18920,13,23,7554697,,8261500,,1037104.0,1.0
8565136926,True,1763478416,4888,18920,34,34,9572001,,8255888,,1037129.0,1.0
8565032937,True,1763474831,3571,18920,31,21,8261500,,7554697,,1037104.0,1.0
8564999206,True,1763473718,2379,18920,37,16,2586976,,9303484,,1037044.0,1.0
8564902816,False,1763470216,2684,18920,21,32,9640842,,8291895,,1037040.0,1.0
8564890979,False,1763469793,2274,18920,14,34,9303484,,2586976,,1037044.0,1.0
8564803818,False,1763466025,1859,18920,5,16,2586976,,9303484,,1037044.0,1.0
8564790199,False,1763465486,2948,18920,16,22,9640842,,8291895,,1037040.0,1.0
8564717509,True,1763461224,2330,18920,30,5,9964962,,9351740,,1037021.0,1.0
8564700209,True,1763460108,3994,18920,43,25,9338413,,36,,1037020.0,1.0
8564653658,True,1763456764,1758,18920,29,10,9338413,,36,,1037020.0,1.0
8564647553,False,1763456343,3275,18920,23,25,9964962,,9351740,,1037021.0,1.0
8564599835,False,1763452989,1691,18920,10,20,9351740,,9964962,,1037021.0,1.0
8564599807,False,1763452813,2353,18920,16,22,9338413,,36,,1037020.0,1.0
8563854851,False,1763400246,1850,18920,13,41,9928403,,7554697,,1036827.0,1.0
8563765883,False,1763396823,1280,18920,5,37,2586976,,2163,,1036811.0,1.0
8563753696,False,1763396260,2188,18920,8,41,9928403,,7554697,,1036827.0,1.0
8563649022,False,1763392627,2134,18920,9,29,9885310,,9351740,,1036777.0,1.0
8563648513,True,1763392638,2225,18920,31,10,2163,,2586976,,1036811.0,1.0
8563567049,True,1763389804,1507,18920,40,9,9885310,,9351740,,1036777.0,1.0
8563511304,True,1763388030,2568,18920,31,27,7119388,,8255888,,1036756.0,1.0
8563461204,True,1763386143,2324,18920,36,19,9351740,,9885310,,1036777.0,1.0
8563390941,True,1763383624,2658,18920,34,11,7119388,,8255888,,1036756.0,1.0
8563350554,False,1763381938,2409,18920,22,20,9964962,,36,,1036725.0,1.0
8563281917,True,1763378949,2415,18920,39,15,9303484,,8291895,,1036716.0,1.0
8563268789,False,1763378168,2017,18920,12,21,9964962,,36,,1036725.0,1.0
8563210674,True,1763374920,2181,18920,40,13,9303484,,8291895,,1036716.0,1.0
8563191677,False,1763373599,2747,18920,31,37,8261500,,9338413,,1036703.0,1.0
8563147439,False,1763370216,1802,18920,19,33,8261500,,9338413,,1036703.0,1.0
8563144244,True,1763370390,1920,18920,26,11,9572001,,9640842,,1036704.0,1.0
8563095458,True,1763366424,2085,18920,23,10,9572001,,9640842,,1036704.0,1.0
8563095438,True,1763366503,2055,18920,25,6,8261500,,9338413,,1036703.0,1.0
8562561579,True,1763324012,2158,18920,28,12,2586976,,8291895,,1036491.0,1.0
8562458587,False,1763319803,2284,18920,19,31,2586976,,8291895,,1036491.0,1.0
8562314380,True,1763314366,3512,18920,47,16,2586976,,8291895,,1036491.0,1.0
8562189069,True,1763309861,2698,18920,37,12,9964962,,7554697,,1036420.0,1.0
8562149011,True,1763308725,3812,18920,32,20,8255888,,36,,1036417.0,1.0
8562039870,True,1763305262,2918,18920,32,15,9964962,,7554697,,1036420.0,1.0
8562031459,True,1763304970,2196,18920,23,13,8255888,,36,,1036417.0,1.0
8561894402,True,1763301011,2400,18920,32,24,9303484,,9885310,,1036346.0,1.0
8561865161,False,1763300111,2805,18920,30,53,9338413,,7119388,,1036285.0,1.0
8561770671,False,1763297350,1858,18920,11,29,9885310,,9303484,,1036346.0,1.0
8561739800,False,1763296295,1992,18920,10,36,9338413,,7119388,,1036285.0,1.0
8561629941,False,1763292433,3086,18920,18,24,9351740,,9640842,,1036255.0,1.0
8561623439,True,1763292258,2238,18920,34,16,9338413,,7119388,,1036285.0,1.0
8561521952,True,1763288168,2778,18920,31,22,9640842,,9351740,,1036255.0,1.0
8561497040,False,1763287098,3086,18920,10,39,8261500,,2163,,1036200.0,1.0
8561445240,True,1763284746,1469,18920,26,11,9572001,,9928403,,1036199.0,1.0
8561413841,False,1763283301,2115,18920,13,40,2163,,8261500,,1036200.0,1.0
8561344949,True,1763280077,1507,18920,30,5,2163,,8261500,,1036200.0,1.0
8561344901,True,1763280032,2959,18920,39,22,9572001,,9928403,,1036199.0,1.0
8560525197,True,1763233046,1831,18920,27,10,8291895,,7554697,,1035992.0,1.0
8560413451,False,1763229184,2007,18920,8,25,7554697,,8291895,,1035992.0,1.0
8560307167,False,1763225655,1707,18920,15,36,9351740,,7119388,,1035897.0,1.0
8560217159,False,1763222709,1180,18920,7,25,9351740,,7119388,,1035897.0,1.0
8560168584,False,1763221243,2364,18920,20,24,9303484,,36,,1035901.0,1.0
8560020571,False,1763216976,2580,18920,12,26,9303484,,36,,1035901.0,1.0
8560015897,True,1763217160,3592,18920,35,15,9351740,,7119388,,1035897.0,1.0
8559906209,True,1763213169,1645,18920,28,5,8255888,,9640842,,1035800.0,1.0
8559865390,True,1763211848,3064,18920,28,22,8261500,,9928403,,1035763.0,1.0
8559761804,False,1763208190,1792,18920,7,22,9640842,,8255888,,1035800.0,1.0
8559752687,True,1763207683,2605,18920,36,22,8261500,,9928403,,1035763.0,1.0
8559668848,False,1763204502,1894,18920,7,26,9964962,,2163,,1035741.0,1.0
8559667418,False,1763204549,1710,18920,4,17,8261500,,9928403,,1035763.0,1.0
8559581280,False,1763200600,2102,18920,7,28,9964962,,2163,,1035741.0,1.0
8559540162,False,1763198393,4282,18920,35,40,9572001,,2586976,,1035696.0,1.0
8559508113,True,1763197029,1579,18920,23,7,9338413,,9885310,,1035697.0,1.0
8559446465,False,1763193634,1636,18920,8,37,9885310,,9338413,,1035697.0,1.0
8559446424,True,1763193701,2940,18920,41,25,2586976,,9572001,,1035696.0,1.0
8550292837,True,1762690759,3399,17419,28,29,8291895,,9247354,,1033265.0,2.0
8550149598,True,1762685714,2781,17419,26,28,8291895,,9247354,,1033265.0,2.0
8550072085,True,1762681145,1604,17419,23,2,9247354,,8291895,,1033265.0,2.0
8549982041,True,1762676590,2367,17419,40,20,8291895,,9247354,,1033265.0,2.0
8549890849,True,1762671704,2323,17419,31,9,9247354,,8291895,,1033265.0,2.0
8548606633,False,1762606032,2561,17419,12,37,9303484,,9247354,,1032843.0,1.0
8548474254,False,1762601214,2717,17419,8,29,9303484,,9247354,,1032843.0,1.0
8548375305,False,1762594629,2271,17419,22,32,9338413,,8291895,,1032762.0,1.0
8548286989,False,1762590052,2464,17419,14,48,9338413,,8291895,,1032762.0,1.0
8548193692,True,1762585268,2213,17419,24,12,9338413,,8291895,,1032762.0,1.0
8547022523,True,1762520179,2312,17419,23,19,9303484,,9467224,,1032436.0,1.0
8546927307,True,1762515793,1995,17419,31,4,9303484,,9467224,,1032436.0,1.0
8546822765,True,1762508174,3267,17419,43,24,9338413,,7119388,,1032405.0,1.0
8546764667,False,1762503852,1869,17419,18,43,9338413,,7119388,,1032405.0,1.0
8546708485,True,1762498761,2861,17419,38,48,9338413,,7119388,,1032405.0,1.0
8519475558,False,1760903307,1889,17419,4,25,8255888,,7119388,,1025165.0,1.0
8519360897,True,1760898631,2895,17419,36,18,8255888,,7119388,,1025165.0,1.0
8519308618,True,1760896477,4212,17419,47,42,9303484,,2163,,1025128.0,1.0
8519267160,False,1760895178,1753,17419,3,20,8255888,,7119388,,1025165.0,1.0
8519216231,False,1760892737,2060,17419,4,24,2163,,9303484,,1025128.0,1.0
8519106301,True,1760889296,3495,17419,33,28,9467224,,36,,1024997.0,1.0
8519065594,False,1760887803,2634,17419,20,29,9885654,,9338413,,1025042.0,1.0
8518927868,True,1760884106,2231,17419,33,13,9338413,,9885654,,1025042.0,1.0
8518915783,False,1760883199,4413,17419,33,38,36,,9467224,,1024997.0,1.0
8518809970,True,1760880073,1850,17419,27,17,2163,,9351740,,1024931.0,1.0
8518787853,False,1760879479,2002,17419,6,27,9467224,,36,,1024997.0,1.0
8518676242,False,1760875824,1543,17419,2,28,8254145,,8255888,,1024932.0,1.0
8518659830,False,1760875458,2964,17419,12,39,2163,,9351740,,1024931.0,1.0
8518560731,True,1760871478,2535,17419,35,16,8255888,,8254145,,1024932.0,1.0
8518553647,False,1760871617,2353,17419,13,27,9351740,,2163,,1024931.0,1.0
8517531441,True,1760811993,1920,17419,29,7,36,,8254145,,1024658.0,0.0
8517496456,True,1760810729,2017,17419,32,10,9303484,,8255888,,1024644.0,0.0
8517437251,False,1760808661,1793,17419,12,36,9351740,,8291895,,1024620.0,0.0
8517384231,False,1760806818,2257,17419,18,22,2163,,9338413,,1024605.0,0.0
8517321948,False,1760804701,2010,17419,12,32,8254145,,9467224,,1024587.0,0.0
8517299077,False,1760803956,1171,17419,6,20,9885654,,9247354,,1024576.0,0.0
8517206564,True,1760800998,2088,17419,36,6,8255888,,36,,1024531.0,0.0
8517163697,False,1760799677,2594,17419,19,41,9303484,,7119388,,1024521.0,0.0
8517060495,True,1760796491,2497,17419,29,23,9885654,,8291895,,1024483.0,0.0
8517045039,True,1760796006,1900,17419,32,8,2163,,9351740,,1024474.0,0.0
8516930248,False,1760792221,2754,17419,17,33,9467224,,9247354,,1024424.0,0.0
8516930243,True,1760792221,2193,17419,36,10,9338413,,7119388,,1024423.0,0.0
8515797626,True,1760726276,2760,17419,40,21,9338413,,9351740,,1024005.0,0.0
8515777831,False,1760725506,1696,17419,5,18,9885654,,36,,1023997.0,0.0
8515672226,True,1760721570,1999,17419,30,6,2163,,9467224,,1023955.0,0.0
8515655427,True,1760720972,3390,17419,32,18,8291895,,9247354,,1023946.0,0.0
8515559230,True,1760717581,2525,17419,33,20,9885654,,8255888,,1023920.0,0.0
8515536844,True,1760716838,2397,17419,32,16,9303484,,36,,1023910.0,0.0
8515460944,False,1760714284,1809,17419,13,35,9351740,,7119388,,1023895.0,0.0
8515438384,False,1760713554,1655,17419,9,40,8254145,,8291895,,1023887.0,0.0
8515327983,True,1760709934,2743,17419,34,28,9338413,,8255888,,1023863.0,0.0
8515315870,True,1760709525,2237,17419,31,13,9303484,,9467224,,1023859.0,0.0
8515218704,False,1760706072,2010,17419,11,32,8254145,,9247354,,1023826.0,0.0
8515211892,False,1760705813,2115,17419,16,33,2163,,7119388,,1023825.0,0.0
8514447596,True,1760646987,1852,17419,28,7,9303484,,9885654,,1023595.0,0.0
8514376804,False,1760643245,2068,17419,12,30,7119388,,8291895,,1023577.0,0.0
8514375533,True,1760643184,1668,17419,24,13,8254145,,9351740,,1023574.0,0.0
8514308079,False,1760640244,1288,17419,5,17,36,,9247354,,1023554.0,0.0
8514293820,True,1760639646,2441,17419,24,24,9303484,,2163,,1023546.0,0.0
8514189882,True,1760635483,3181,17419,31,34,8255888,,9351740,,1023501.0,0.0
8514117469,False,1760632740,3764,17419,35,38,7119388,,9247354,,1023479.0,0.0
8514083299,False,1760631543,2353,17419,12,40,9338413,,9467224,,1023474.0,0.0
8514015959,True,1760629150,2004,17419,29,9,2163,,9885654,,1023457.0,0.0
8514005494,True,1760628767,1864,17419,33,15,8255888,,8254145,,1023463.0,0.0
8513849620,False,1760623285,2081,17419,7,36,9351740,,9467224,,1023438.0,0.0
8513845843,False,1760623151,2678,17419,16,32,9338413,,8291895,,1023436.0,0.0
8513746052,True,1760619483,2109,17419,44,11,7119388,,8255888,,1023417.0,0.0
8513742985,False,1760619363,2136,17419,15,33,2163,,36,,1023416.0,0.0
8512979658,False,1760559323,2648,17419,26,32,9351740,,36,,1023252.0,0.0
8512954465,False,1760557996,2143,17419,8,31,9885654,,7119388,,1023240.0,0.0
8512870110,False,1760554062,2570,17419,18,24,2163,,9247354,,1023220.0,0.0
8512866926,False,1760553924,3612,17419,26,43,8291895,,9467224,,1023218.0,0.0
8512795885,True,1760550926,1524,17419,32,6,9338413,,9303484,,1023188.0,0.0
8512785311,True,1760550491,2139,17419,24,18,9885654,,9351740,,1023187.0,0.0
8512694265,True,1760546821,2413,17419,32,14,8291895,,8255888,,1023166.0,0.0
8512668142,True,1760545792,3204,17419,46,31,2163,,8254145,,1023162.0,0.0
8512564878,True,1760541920,2287,17419,23,6,9885654,,9467224,,1023142.0,0.0
8512558125,True,1760541676,3521,17419,25,29,9303484,,9247354,,1023141.0,0.0
8512457660,False,1760538132,1785,17419,22,38,8254145,,9338413,,1023127.0,0.0
8512434051,True,1760537315,2740,17419,40,12,7119388,,36,,1023123.0,0.0
8512319677,False,1760533118,2412,17419,28,32,9303484,,8291895,,1023097.0,0.0
8512316447,False,1760532990,3558,17419,27,30,8255888,,9467224,,1023098.0,0.0
8511527716,False,1760471502,1676,17419,12,40,8254145,,9885654,,1022911.0,0.0
8511503985,False,1760470339,1848,17419,10,31,9338413,,9247354,,1022905.0,3.0
8511443531,True,1760467605,2158,17419,23,24,8291895,,36,,1022881.0,0.0
8511416361,True,1760466454,2192,17419,41,11,7119388,,9467224,,1022873.0,3.0
8511343462,False,1760463453,2528,17419,30,43,8254145,,9303484,,1022841.0,0.0
8511339795,False,1760463303,1254,17419,4,13,9885654,,9338413,,1022840.0,3.0
8511224972,True,1760458772,3151,17419,31,38,9247354,,8255888,,1022812.0,0.0
8511217827,False,1760458506,3143,17419,15,33,2163,,8291895,,1022810.0,3.0
8511133117,False,1760455389,1777,17419,15,22,9338413,,36,,1022789.0,0.0
8511098125,True,1760454156,2567,17419,42,24,9351740,,9303484,,1022780.0,3.0
8511020424,True,1760451475,2215,17419,28,17,8254145,,7119388,,1022772.0,0.0
8510981680,False,1760450142,2324,17419,15,34,2163,,8255888,,1022767.0,3.0
8510884183,True,1760446601,1527,17419,17,8,9247354,,9351740,,1022756.0,0.0
8510883608,False,1760446579,2950,17419,27,32,9467224,,36,,1022755.0,0.0
8594217096,True,1765103486,2356,17420,38,16,8291895,,9823272,,1044043.0,2.0
8594108564,False,1765098154,2970,17420,21,39,9823272,,8291895,,1044043.0,2.0
8594008284,False,1765092780,3171,17420,25,43,9823272,,8291895,,1044043.0,2.0
8593890943,True,1765085366,2952,17420,38,29,9989747,,9989756,,1044029.0,1.0
8592494459,False,1765017529,2164,17420,12,23,9338413,,8291895,,1043623.0,1.0
8592409166,False,1765013059,1792,17420,9,27,9338413,,8291895,,1043623.0,1.0
8592272555,True,1765005849,2401,17420,13,10,9823272,,9247354,,1043584.0,1.0
8592220102,True,1765001599,2295,17420,29,15,9823272,,9247354,,1043584.0,1.0
8590957766,True,1764935202,2861,17420,37,29,9338413,,36,,1043291.0,1.0
8590894249,True,1764931743,1412,17420,23,7,9338413,,36,,1043291.0,1.0
8590773850,False,1764923397,2804,17420,10,34,2586976,,9823272,,1043252.0,1.0
8590723458,True,1764919340,1989,17420,26,10,9823272,,2586976,,1043252.0,1.0
8590666286,True,1764914403,2429,17420,25,16,2586976,,9823272,,1043252.0,1.0
8584493873,True,1764529584,2899,17420,34,27,9338413,,9351740,,1041827.0,1.0
8584468848,False,1764528765,2618,17420,26,31,8261500,,9823272,,1041817.0,1.0
8584411768,False,1764526157,1864,17420,11,31,9338413,,9351740,,1041827.0,1.0
8584357150,True,1764524318,2911,17420,35,17,9823272,,8261500,,1041817.0,1.0
8584303494,False,1764522364,2268,17420,16,27,9351740,,9338413,,1041827.0,1.0
8584248639,False,1764520202,2595,17420,11,31,9823272,,8261500,,1041817.0,1.0
8584197263,True,1764518413,2061,17420,17,13,2586976,,9303484,,1041783.0,1.0
8584125715,True,1764516055,2332,17420,21,21,36,,9640842,,1041765.0,1.0
8584089737,True,1764514802,1980,17420,28,11,2586976,,9303484,,1041783.0,1.0
8584006279,False,1764512093,2434,17420,16,30,9640842,,36,,1041765.0,1.0
8583955565,True,1764510629,2351,17420,40,19,8261500,,9927796,,1041689.0,1.0
8583867438,False,1764507772,2493,17420,20,21,8254145,,9351740,,1041687.0,1.0
8583851046,True,1764507281,1814,17420,35,10,9927796,,8261500,,1041689.0,1.0
8583743794,False,1764503764,1984,17420,7,20,9927796,,8261500,,1041689.0,1.0
8583736672,True,1764503993,2232,17420,32,13,9351740,,8254145,,1041687.0,1.0
8582763921,False,1764445959,2181,17420,13,31,8254145,,36,,1041432.0,0.0
8582735416,True,1764444806,1734,17420,22,11,2586976,,9303484,,1041420.0,0.0
8582664350,True,1764442007,2010,17420,18,10,9338413,,9351740,,1041392.0,0.0
8582638335,False,1764440976,2323,17420,6,23,8261500,,9640842,,1041380.0,0.0
8582533736,True,1764437106,2937,17420,35,30,8254145,,9823272,,1041350.0,0.0
8582522954,False,1764436724,2718,17420,34,33,9927796,,9247354,,1041345.0,0.0
8582384052,False,1764431928,3146,17420,27,31,2586976,,8291895,,1041297.0,0.0
8582378933,True,1764431764,3263,17420,36,26,9303484,,36,,1041295.0,0.0
8582274879,True,1764428375,1864,17420,30,25,9338413,,9927796,,1041256.0,0.0
8582254158,True,1764427723,2665,17420,41,23,9351740,,8261500,,1041251.0,0.0
8582157073,True,1764424637,1439,17420,24,4,8291895,,9640842,,1041215.0,0.0
8582154770,True,1764424563,2045,17420,33,16,9247354,,9823272,,1041214.0,0.0
8581024477,False,1764359775,2930,17420,26,28,9927796,,36,,1040975.0,0.0
8580969080,True,1764357433,2337,17420,30,15,9640842,,9351740,,1040962.0,0.0
8580879900,True,1764353856,4332,17420,35,38,8261500,,9823272,,1040928.0,0.0
8580874181,False,1764353636,2200,17420,14,35,9338413,,9247354,,1040925.0,0.0
8580797427,True,1764350703,1514,17420,23,11,9303484,,9927796,,1040909.0,0.0
8580769851,True,1764349685,2191,17420,36,5,2586976,,36,,1040896.0,0.0
8580698876,False,1764347122,1838,17420,8,34,9351740,,8291895,,1040882.0,0.0
8580673312,False,1764346249,1944,17420,21,37,8254145,,9338413,,1040874.0,0.0
8580572882,True,1764342840,2612,17420,26,12,9303484,,9640842,,1040854.0,0.0
8580543038,False,1764341844,2485,17420,15,33,2586976,,9823272,,1040846.0,0.0
8580434959,False,1764338167,3123,17420,26,34,8254145,,9247354,,1040827.0,0.0
8580433201,False,1764338107,2007,17420,16,32,8261500,,8291895,,1040826.0,0.0
8579573711,True,1764277278,1675,17420,20,17,8254145,,9351740,,1040711.0,0.0
8579516072,False,1764274118,1573,17420,7,21,36,,9247354,,1040690.0,0.0
8579512829,False,1764273956,1676,17420,9,24,9927796,,2586976,,1040689.0,0.0
8579434949,False,1764270290,2017,17420,13,40,9338413,,8291895,,1040662.0,0.0
8579402680,False,1764268850,3520,17420,25,61,9351740,,9303484,,1040652.0,0.0
8579345535,True,1764266413,2534,17420,28,13,2586976,,8261500,,1040636.0,0.0
8579321866,True,1764265422,1682,17420,32,9,9823272,,9640842,,1040632.0,0.0
8579245952,True,1764262333,2348,17420,38,22,9247354,,8291895,,1040610.0,0.0
8579211061,False,1764260951,2690,17420,20,29,8254145,,9303484,,1040603.0,0.0
8579159439,False,1764258981,1900,17420,12,35,9927796,,8261500,,1040588.0,0.0
8579084900,False,1764256213,3077,17420,19,41,9351740,,9823272,,1040575.0,0.0
8579054497,False,1764255114,2258,17420,11,38,9338413,,9640842,,1040568.0,0.0
8578971938,True,1764252192,2578,17420,28,20,8261500,,36,,1040552.0,0.0
8578965230,True,1764251956,1588,17420,31,9,8291895,,9303484,,1040553.0,0.0
8578108612,False,1764189884,2369,17420,21,33,9927796,,8291895,,1040402.0,0.0
8578065966,True,1764187543,3373,17420,33,23,36,,9351740,,1040391.0,0.0
8578012189,False,1764184948,3542,17420,21,26,8261500,,9247354,,1040373.0,0.0
8577982630,True,1764183633,2307,17420,48,11,9823272,,9338413,,1040355.0,0.0
8577926044,False,1764181189,2170,17420,7,19,2586976,,9640842,,1040340.0,0.0
8577907652,False,1764180418,1880,17420,17,26,9927796,,9351740,,1040332.0,0.0
8577844080,False,1764177702,1064,17420,4,15,8261500,,8254145,,1040317.0,0.0
8577833540,False,1764177266,2177,17420,19,26,9303484,,9338413,,1040313.0,0.0
8577764833,True,1764174477,1454,17420,25,8,9823272,,9927796,,1040300.0,0.0
8577745816,False,1764173733,1982,17420,8,23,2586976,,9247354,,1040290.0,0.0
8577653482,False,1764170223,2566,17420,19,31,8254145,,9640842,,1040278.0,0.0
8577626069,False,1764169228,2816,17420,21,25,36,,8291895,,1040265.0,0.0
8577520913,True,1764165478,2881,17420,31,32,9823272,,9303484,,1040244.0,0.0
8577517772,False,1764165363,1626,17420,11,30,2586976,,9338413,,1040243.0,0.0
8576678568,False,1764104289,1894,17420,6,29,9640842,,9247354,,1040098.0,0.0
8576671061,False,1764103828,2075,17420,13,20,9927796,,8254145,,1040096.0,0.0
8576605875,True,1764100221,1714,17420,25,18,9338413,,36,,1040070.0,0.0
8576601685,False,1764100015,2674,17420,14,34,9823272,,8291895,,1040068.0,0.0
8576507432,True,1764095699,3126,17420,38,30,9927796,,9640842,,1040024.0,0.0
8576493855,False,1764095117,2939,17420,18,33,8254145,,2586976,,1040021.0,0.0
8576422993,True,1764092116,1419,17420,17,5,9338413,,8261500,,1040002.0,0.0
8576406746,False,1764091439,2055,17420,10,30,9303484,,9247354,,1039990.0,0.0
8576325330,False,1764088127,2424,17420,13,31,9351740,,2586976,,1039974.0,0.0
8576286429,False,1764087224,2668,17420,10,23,9640842,,36,,1039959.0,0.0
8576209695,False,1764083759,1981,17420,7,30,8254145,,8291895,,1039946.0,0.0
8576193431,False,1764083184,3266,17420,30,39,9303484,,8261500,,1039940.0,0.0
8576094890,False,1764079677,2505,17420,13,35,9823272,,36,,1039912.0,0.0
8576076065,True,1764079006,2141,17420,28,14,9351740,,9247354,,1039908.0,0.0
8615531269,True,1766341021,2188,18988,20,9,9823272,,7119388,,1048811.0,2.0
8615442050,False,1766337481,1496,18988,6,16,7119388,,9823272,,1048811.0,2.0
8615341751,True,1766333161,2413,18988,39,16,9823272,,7119388,,1048811.0,2.0
8615212174,True,1766328901,2264,18988,30,14,7119388,,9823272,,1048811.0,2.0
8614983405,False,1766320501,2367,18988,19,25,9572001,,7119388,,1048747.0,1.0
8614840952,True,1766314605,3725,18988,30,24,7119388,,9572001,,1048711.0,1.0
8613974929,True,1766257981,1208,18988,20,8,9572001,,8261500,,1048503.0,1.0
8613871238,False,1766253306,2699,18988,16,22,8261500,,9572001,,1048503.0,1.0
8613669497,False,1766245501,2557,18988,21,34,7119388,,9823272,,1048404.0,1.0
8613524044,False,1766241062,2535,18988,12,23,7119388,,9823272,,1048404.0,1.0
8613407484,True,1766236500,2276,18988,26,7,9572001,,2586976,,1048319.0,1.0
8613296700,True,1766231942,2540,18988,23,5,9572001,,2586976,,1048319.0,1.0
8613199952,True,1766228169,2049,18988,28,11,2586976,,9572001,,1048319.0,1.0
8612387534,True,1766170800,2722,18988,33,20,8261500,,8291895,,1048097.0,1.0
8612296716,True,1766166969,1911,18988,31,8,8261500,,8291895,,1048097.0,1.0
8612073954,True,1766158142,1561,18988,24,8,2586976,,9895392,,1048038.0,1.0
8611968266,False,1766154300,2023,18988,13,29,9895392,,2586976,,1048038.0,1.0
8611813882,True,1766147170,1787,18988,40,13,8261500,,9247354,,1048004.0,1.0
8611704029,True,1766141701,2416,18988,27,11,8261500,,9247354,,1048004.0,1.0
8611101416,True,1766089195,4030,18988,32,35,9823272,,8291895,,1047837.0,1.0
8610997048,True,1766084215,3061,18988,40,35,9823272,,8291895,,1047837.0,1.0
8610908761,False,1766080493,1658,18988,15,26,9823272,,8291895,,1047837.0,1.0
8610733410,False,1766072333,2115,18988,12,27,9572001,,7119388,,1047793.0,1.0
8610608932,True,1766068139,2105,18988,28,13,7119388,,9572001,,1047793.0,1.0
8610508424,True,1766063814,1842,18988,41,14,9823272,,9895392,,1047760.0,1.0
8610407872,True,1766059255,2680,18988,38,21,9895392,,9823272,,1047760.0,1.0
8610327187,True,1766055297,2111,18988,27,13,9823272,,9895392,,1047760.0,1.0
8609658039,False,1765998237,2666,18988,23,33,2586976,,8291895,,1047598.0,1.0
8609577898,False,1765994135,2151,18988,17,31,2586976,,8291895,,1047598.0,1.0
8609420125,False,1765987556,2255,18988,16,35,8261500,,7119388,,1047543.0,1.0
8609256354,True,1765981499,4187,18988,38,48,7119388,,8261500,,1047543.0,1.0
8609085945,True,1765974265,4271,18988,32,29,9572001,,9247354,,1047499.0,1.0
8608974467,True,1765968902,3041,18988,39,28,9572001,,9247354,,1047499.0,1.0
8606931541,True,1765828081,2358,18988,27,20,2163,,9964962,,1047091.0,1.0
8606918837,False,1765827421,3623,18988,26,34,9255039,,9303484,,1047075.0,1.0
8606878914,True,1765825260,1373,18988,37,5,9338413,,9691969,,1047079.0,1.0
8606872326,False,1765825382,2267,18988,12,38,7554697,,9572001,,1047077.0,1.0
8606840720,False,1765823461,2618,18988,17,29,9964962,,2163,,1047091.0,1.0
8606794209,True,1765821444,1934,18988,40,14,9338413,,9691969,,1047079.0,1.0
8606776029,True,1765821306,2015,18988,15,4,9572001,,7554697,,1047077.0,1.0
8606774407,True,1765821306,4331,18988,42,53,9303484,,9255039,,1047075.0,1.0
8606735701,True,1765818844,2108,18988,38,11,9823272,,8255888,,1047036.0,1.0
8606659200,False,1765815962,2495,18988,9,41,36,,8261500,,1047029.0,1.0
8606610716,True,1765813981,3072,18988,52,28,9823272,,8255888,,1047036.0,1.0
8606592816,True,1765813041,1257,18988,31,4,7119388,,9247354,,1047032.0,1.0
8606591627,True,1765813142,1822,18988,32,9,9872667,,9989179,,1047034.0,1.0
8606576805,True,1765812757,1502,18988,24,9,36,,8261500,,1047029.0,1.0
8606503226,True,1765809781,2360,18988,26,9,8255888,,9823272,,1047036.0,1.0
8606495310,True,1765809900,1532,18988,34,9,9872667,,9989179,,1047034.0,1.0
8606484740,True,1765808701,2433,18988,34,12,7119388,,9247354,,1047032.0,1.0
8606477178,True,1765808701,2193,18988,42,10,8261500,,36,,1047029.0,1.0
8606394749,False,1765805463,1807,18988,12,25,9467224,,9640842,,1046990.0,1.0
8606379791,True,1765804888,2826,18988,35,21,9247798,,9351740,,1046989.0,1.0
8606298412,True,1765801201,1920,18988,38,22,9247798,,9351740,,1046989.0,1.0
8606288088,True,1765800541,2243,18988,34,16,8291895,,9758040,,1046986.0,1.0
8606284643,True,1765800915,2719,18988,28,20,9640842,,9467224,,1046990.0,1.0
8606267682,True,1765799701,2182,18988,25,14,2586976,,9895392,,1046988.0,1.0
8606207935,True,1765796143,1771,18988,30,14,9467224,,9640842,,1046990.0,1.0
8606206987,True,1765796100,3302,18988,44,36,9351740,,9247798,,1046989.0,1.0
8606204577,True,1765796123,1675,18988,28,8,2586976,,9895392,,1046988.0,1.0
8606200519,False,1765796103,2515,18988,15,31,9758040,,8291895,,1046986.0,1.0
8605626905,False,1765744741,4183,18988,19,47,9572001,,7119388,,1046808.0,1.0
8605543293,False,1765740900,2951,18988,21,27,9338413,,36,,1046812.0,1.0
8605532351,True,1765740300,2269,18988,27,7,7119388,,9572001,,1046808.0,1.0
8605514511,True,1765739580,1957,18988,46,14,8255888,,9872667,,1046798.0,1.0
8605513023,True,1765739641,2578,18988,35,16,9964962,,9303484,,1046793.0,1.0
8605445080,False,1765736521,2123,18988,16,23,9338413,,36,,1046812.0,1.0
8605437813,True,1765735988,2029,18988,22,10,9572001,,7119388,,1046808.0,1.0
8605411433,False,1765734970,2128,18988,18,35,9872667,,8255888,,1046798.0,1.0
8605403905,False,1765734904,2833,18988,24,47,9303484,,9964962,,1046793.0,1.0
8605323294,True,1765731604,1885,18988,31,11,7554697,,8291895,,1046712.0,1.0
8605308834,True,1765730763,3254,18988,41,37,9691969,,9467224,,1046710.0,1.0
8605215449,False,1765727103,3368,18988,35,45,2586976,,9247354,,1046722.0,1.0
8605207735,False,1765726876,1447,18988,16,43,9247798,,9255039,,1046711.0,1.0
8605192234,False,1765726440,2274,18988,12,31,9691969,,9467224,,1046710.0,1.0
8605190938,False,1765726623,2615,18988,20,28,7554697,,8291895,,1046712.0,1.0
8605115782,False,1765723500,1710,18988,10,34,2586976,,9247354,,1046722.0,1.0
8605070909,False,1765722303,2389,18988,15,31,8291895,,7554697,,1046712.0,1.0
8605069558,True,1765722841,2203,18988,31,16,9255039,,9247798,,1046711.0,1.0
8605069135,False,1765722301,2164,18988,7,31,9467224,,9691969,,1046710.0,1.0
8604974662,True,1765718820,1827,18988,21,15,9823272,,9640842,,1046616.0,1.0
8604941293,False,1765717560,965,18988,1,13,8261500,,9895392,,1046614.0,1.0
8604935721,True,1765717740,2808,18988,37,22,9989179,,9351740,,1046615.0,1.0
8604888305,True,1765716061,2871,18988,41,23,9758040,,2163,,1046613.0,1.0
8604851194,False,1765714502,1392,18988,7,32,8261500,,9895392,,1046614.0,1.0
8604847489,False,1765714080,2909,18988,14,43,9823272,,9640842,,1046616.0,1.0
8604819918,True,1765713361,2604,18988,36,18,9989179,,9351740,,1046615.0,1.0
8604809016,True,1765713060,1201,18988,29,9,2163,,9758040,,1046613.0,1.0
8604735932,True,1765709700,2622,18988,23,21,9823272,,9640842,,1046616.0,1.0
8604734208,False,1765709703,1816,18988,10,29,9989179,,9351740,,1046615.0,1.0
8604733776,False,1765709712,2884,18988,19,42,9895392,,8261500,,1046614.0,1.0
8604733543,True,1765709785,1489,18988,30,5,9758040,,2163,,1046613.0,1.0
8603931041,False,1765657441,2641,18988,13,25,9303484,,9467224,,1046361.0,1.0
8603895710,True,1765655880,1769,18988,24,6,9247354,,9872667,,1046363.0,1.0
8603884585,False,1765655042,2535,18988,11,19,9255039,,7554697,,1046356.0,1.0
8603850215,True,1765653978,2123,18988,37,12,9572001,,36,,1046354.0,1.0
8603847906,True,1765653601,1941,18988,25,4,9303484,,9467224,,1046361.0,1.0
8603810835,True,1765652100,1921,18988,27,18,9872667,,9247354,,1046363.0,1.0
8603728193,True,1765648500,1772,18988,36,14,9247354,,9872667,,1046363.0,1.0
8603724740,False,1765648507,3056,18988,14,36,9303484,,9467224,,1046361.0,1.0
8603714760,False,1765648500,4506,18988,32,23,9255039,,7554697,,1046356.0,1.0
8603709082,True,1765648622,3124,18988,35,15,9572001,,36,,1046354.0,1.0
8603614526,False,1765644654,1485,18988,8,25,9964962,,9338413,,1046274.0,1.0
8603604691,False,1765643880,2148,18988,12,35,2163,,9895392,,1046276.0,1.0
8603501608,True,1765640282,2256,18988,31,12,9691969,,9247798,,1046272.0,1.0
8603500020,False,1765640280,1757,18988,6,39,2163,,9895392,,1046276.0,1.0
8603495438,True,1765639983,2315,18988,26,15,9338413,,9964962,,1046274.0,1.0
8603488410,False,1765639861,3238,18988,32,34,8255888,,8291895,,1046271.0,1.0
8603380188,False,1765635973,2412,18988,17,46,9895392,,2163,,1046276.0,1.0
8603372377,True,1765635901,2122,18988,41,10,9964962,,9338413,,1046274.0,1.0
8603371983,False,1765635901,2436,18988,15,34,9247798,,9691969,,1046272.0,1.0
8603371981,False,1765636287,1739,18988,5,25,8255888,,8291895,,1046271.0,1.0
8603199591,False,1765629001,3773,18988,27,55,7119388,,2586976,,1046189.0,1.0
8603145326,False,1765627140,3537,18988,18,40,9823272,,8261500,,1046187.0,1.0
8603138581,True,1765627021,1670,18988,24,7,9640842,,9351740,,1046184.0,1.0
8603132303,False,1765627081,2004,18988,17,42,9989179,,9758040,,1046185.0,1.0
8603074586,True,1765623614,3434,18988,49,22,2586976,,7119388,,1046189.0,1.0
8603059957,False,1765623300,1917,18988,9,32,9823272,,8261500,,1046187.0,1.0
8603056442,False,1765623320,1984,18988,12,26,9989179,,9758040,,1046185.0,1.0
8603054525,False,1765623300,1817,18988,3,29,9351740,,9640842,,1046184.0,1.0
8602376621,True,1765574758,2773,18988,30,20,9247354,,9572001,,1045951.0,1.0
8602309910,True,1765571664,2320,18988,30,18,7554697,,9691969,,1045929.0,1.0
8602246766,False,1765569720,2461,18988,9,27,9572001,,9247354,,1045951.0,1.0
8602183326,False,1765568292,2164,18988,22,36,9467224,,8291895,,1045940.0,1.0
8602181486,False,1765567264,2018,18988,10,24,9691969,,7554697,,1045929.0,1.0
8602157582,False,1765566240,2503,18988,13,35,9303484,,9872667,,1045930.0,1.0
8602105739,True,1765565101,2709,18988,27,13,9572001,,9247354,,1045951.0,1.0
8602073392,True,1765563487,1775,18988,19,6,8291895,,9467224,,1045940.0,1.0
8602058022,True,1765562262,1999,18988,28,13,9872667,,9303484,,1045930.0,1.0
8602040130,False,1765562201,3023,18988,25,32,7554697,,9691969,,1045929.0,1.0
8601973291,True,1765559945,2538,18988,33,14,7119388,,2163,,1045868.0,1.0
8601935358,True,1765558496,2663,18988,32,25,8261500,,9758040,,1045856.0,1.0
8601850047,True,1765555021,1132,18988,22,5,9823272,,9989179,,1045873.0,1.0
8601832066,True,1765554421,2751,18988,36,10,9964962,,9255039,,1045863.0,1.0
8601823184,False,1765554125,3852,18988,42,44,7119388,,2163,,1045868.0,1.0
8601802928,True,1765554299,2369,18988,36,14,9758040,,8261500,,1045856.0,1.0
8601742840,True,1765551460,1858,18988,29,7,9823272,,9989179,,1045873.0,1.0
8601713100,True,1765550472,1772,18988,20,13,7119388,,2163,,1045868.0,1.0
8601697720,True,1765549964,2559,18988,28,13,9964962,,9255039,,1045863.0,1.0
8601693261,True,1765549813,2678,18988,21,27,8261500,,9758040,,1045856.0,1.0
8601593521,False,1765546560,1944,18988,14,23,9351740,,36,,1045822.0,1.0
8601486244,True,1765542180,2661,18988,34,19,36,,9351740,,1045822.0,1.0
8601469482,False,1765541279,2121,18988,19,34,9338413,,9895392,,1045820.0,1.0
8601455148,False,1765540800,2818,18988,18,43,9247798,,9640842,,1045819.0,1.0
8601448564,True,1765540260,1993,18988,35,8,2586976,,8255888,,1045821.0,1.0
8601394847,False,1765536958,3501,18988,31,51,36,,9351740,,1045822.0,1.0
8601391721,False,1765537007,1257,18988,6,20,8255888,,2586976,,1045821.0,1.0
8601389598,True,1765536900,2560,18988,37,32,9895392,,9338413,,1045820.0,1.0
8601388908,False,1765536900,2043,18988,12,25,9247798,,9640842,,1045819.0,1.0
8600824688,False,1765488300,1575,18988,8,34,9303484,,9572001,,1045662.0,1.0
8600768084,True,1765484881,4489,18988,36,25,9989179,,9691969,,1045658.0,1.0
8600724673,True,1765482547,3832,18988,35,20,9572001,,9303484,,1045662.0,1.0
8600691524,False,1765481104,2279,18988,9,35,7554697,,9758040,,1045661.0,1.0
8600683075,False,1765480621,2463,18988,20,26,9989179,,9691969,,1045658.0,1.0
8600679706,False,1765480622,1806,18988,7,32,8291895,,2163,,1045666.0,1.0
8600597494,True,1765476541,1961,18988,30,14,2163,,8291895,,1045666.0,1.0
8600597239,True,1765475907,4311,18988,43,39,9303484,,9572001,,1045662.0,1.0
8600578717,True,1765475698,3189,18988,36,33,9758040,,7554697,,1045661.0,1.0
8600568696,False,1765475701,3019,18988,25,39,9691969,,9989179,,1045658.0,1.0
8600488743,True,1765471620,2057,18988,31,9,2586976,,9823272,,1045603.0,1.0
8600472700,False,1765470839,1381,18988,8,23,9964962,,9351740,,1045607.0,1.0
8600459259,False,1765470601,1707,18988,9,24,9247798,,9872667,,1045599.0,1.0
8600403650,True,1765467488,1486,18988,32,6,9964962,,9351740,,1045607.0,1.0
8600397564,True,1765467722,1501,18988,18,4,8255888,,8261500,,1045608.0,1.0
8600392329,False,1765467423,2297,18988,14,33,2586976,,9823272,,1045603.0,1.0
8600366031,True,1765466821,1939,18988,35,11,9247798,,9872667,,1045599.0,1.0
8600296592,True,1765464060,1820,18988,24,4,8255888,,8261500,,1045608.0,1.0
8600296260,False,1765463882,1698,18988,15,28,9964962,,9351740,,1045607.0,1.0
8600272071,False,1765463163,2475,18988,20,52,9823272,,2586976,,1045603.0,1.0
8600242335,False,1765463101,1797,18988,10,27,9247798,,9872667,,1045599.0,1.0
8600178151,True,1765459330,2201,18988,48,18,7119388,,36,,1045547.0,1.0
8600165105,False,1765459076,2331,18988,6,24,9255039,,9467224,,1045545.0,1.0
8600079155,True,1765455361,3412,18988,43,21,9895392,,9640842,,1045541.0,1.0
8600072883,False,1765454760,2597,18988,17,43,7119388,,36,,1045547.0,1.0
8600068614,False,1765454882,2260,18988,18,36,9338413,,9247354,,1045543.0,1.0
8600066945,False,1765454523,2801,18988,23,23,9255039,,9467224,,1045545.0,1.0
8599998293,False,1765450562,2369,18988,14,39,36,,7119388,,1045547.0,1.0
8599997748,True,1765450505,2093,18988,26,8,9255039,,9467224,,1045545.0,1.0
8599992855,False,1765450595,2261,18988,20,26,9338413,,9247354,,1045543.0,1.0
8599982169,True,1765450500,3174,18988,30,28,9895392,,9640842,,1045541.0,1.0
8599308014,False,1765393988,2448,18988,11,30,7554697,,8261500,,1045335.0,1.0
8599300834,False,1765393507,2713,18988,13,31,9964962,,9572001,,1045338.0,1.0
8599294530,True,1765393141,3506,18988,28,29,9303484,,9351740,,1045339.0,1.0
8599269948,False,1765392481,1673,18988,10,34,9989179,,8291895,,1045333.0,1.0
8599219039,True,1765389388,2050,18988,22,10,9572001,,9964962,,1045338.0,1.0
8599208552,True,1765389301,2123,18988,33,10,9303484,,9351740,,1045339.0,1.0
8599203083,True,1765389307,2954,18988,25,25,8261500,,7554697,,1045335.0,1.0
8599202972,True,1765389301,1303,18988,25,6,8291895,,9989179,,1045333.0,1.0
8599091798,False,1765384741,1496,18988,9,30,9247798,,9247354,,1045266.0,1.0
8599037388,True,1765382220,3830,18988,24,29,36,,9467224,,1045274.0,1.0
8599036653,False,1765382130,1763,18988,13,34,9895392,,9823272,,1045279.0,1.0
8598987393,True,1765380361,2242,18988,29,9,9247798,,9247354,,1045266.0,1.0
8598982946,True,1765380300,2542,18988,33,42,9338413,,9872667,,1045271.0,1.0
8598918355,True,1765378205,2105,18988,27,13,9823272,,9895392,,1045279.0,1.0
8598888081,False,1765376828,3315,18988,33,32,9467224,,36,,1045274.0,1.0
8598883977,True,1765376708,1739,18988,29,16,9338413,,9872667,,1045271.0,1.0
8598861477,False,1765376702,1836,18988,10,33,9247798,,9247354,,1045266.0,1.0
8598808366,True,1765373651,1992,18988,30,11,2163,,9691969,,1045206.0,1.0
8598716877,False,1765369883,1783,18988,12,41,9691969,,2163,,1045206.0,1.0
8598695323,True,1765368861,2303,18988,34,19,7119388,,9255039,,1045209.0,1.0
8598682516,True,1765368001,1669,18988,28,5,8255888,,9758040,,1045205.0,1.0
8598681318,True,1765368180,2049,18988,34,8,2586976,,9640842,,1045207.0,1.0
8598618322,False,1765364421,2008,18988,5,22,9255039,,7119388,,1045209.0,1.0
8598616570,True,1765364512,1922,18988,24,8,2586976,,9640842,,1045207.0,1.0
8598615034,False,1765364188,3643,18988,35,39,2163,,9691969,,1045206.0,1.0
8598614413,True,1765364201,2018,18988,37,11,8255888,,9758040,,1045205.0,1.0
8540545264,False,1762110707,3405,18863,17,28,8255888,,9247354,,1030738.0,2.0
8540450895,False,1762106640,2356,18863,19,27,8255888,,9247354,,1030738.0,2.0
8540357223,False,1762102852,1602,18863,4,23,8255888,,9247354,,1030738.0,2.0
8540189130,True,1762098123,2923,18863,20,16,8255888,,9247354,,1030738.0,2.0
8539982033,False,1762089718,1853,18863,7,30,9823272,,9247354,,1030603.0,1.0
8539809790,True,1762084800,3086,18863,43,18,9247354,,9823272,,1030603.0,1.0
8539067262,True,1762035184,2553,18863,33,14,9247354,,2163,,1030306.0,1.0
8538982213,False,1762030441,2931,18863,13,30,2163,,9247354,,1030306.0,1.0
8538849304,False,1762025943,2059,18863,14,45,9247354,,2163,,1030306.0,1.0
8538716056,True,1762019039,2913,18863,21,8,8255888,,9823272,,1030170.0,1.0
8538597819,True,1762014778,2552,18863,33,13,9823272,,8255888,,1030170.0,1.0
8538454488,True,1762010404,2785,18863,30,24,8255888,,9823272,,1030170.0,1.0
8538284384,False,1762004352,1873,18863,16,28,9338413,,2163,,1030053.0,1.0
8538145798,True,1761998944,3534,18863,37,33,2163,,9338413,,1030053.0,1.0
8538032560,True,1761994800,2370,18863,29,10,9338413,,2163,,1030053.0,1.0
8537466319,True,1761949960,4297,18863,32,35,9247354,,7119388,,1029928.0,1.0
8537408983,True,1761946069,2002,18863,34,11,7119388,,9247354,,1029928.0,1.0
8537328580,True,1761942180,2012,18863,30,9,9247354,,7119388,,1029914.0,1.0
8537191281,False,1761935400,2718,18863,27,32,9303484,,2163,,1029803.0,1.0
8537079939,False,1761930845,2799,18863,24,47,2163,,9303484,,1029803.0,1.0
8536926646,False,1761925115,3933,18863,32,34,9303484,,2163,,1029803.0,1.0
8536705879,True,1761917211,3627,18863,38,29,9247354,,8291895,,1029680.0,1.0
8536597199,True,1761912605,2563,18863,45,21,8291895,,9247354,,1029680.0,1.0
8536499892,False,1761908403,2271,18863,10,33,8291895,,9247354,,1029680.0,1.0
8534290019,True,1761762233,2427,18863,22,7,8255888,,7119388,,1029061.0,1.0
8534224202,False,1761759225,1238,18863,2,20,8255888,,7119388,,1029061.0,1.0
8534125414,True,1761755163,2343,18863,17,10,8255888,,7119388,,1029061.0,1.0
8533940290,True,1761748213,3862,18863,45,27,9823272,,9338413,,1028992.0,1.0
8533849342,False,1761744768,1770,18863,7,25,9338413,,9823272,,1028992.0,1.0
8533754138,True,1761741000,2111,18863,23,11,9338413,,9823272,,1028992.0,1.0
8533017234,True,1761682980,2244,18863,28,12,8255888,,2163,,1028712.0,1.0
8532910112,False,1761678120,3158,18863,35,36,2163,,8255888,,1028712.0,1.0
8532803539,False,1761673500,2990,18863,17,35,8255888,,2163,,1028712.0,1.0
8532692032,False,1761668725,1767,18863,4,23,9303484,,7119388,,1028649.0,1.0
8532579398,False,1761664683,2286,18863,8,21,9303484,,7119388,,1028649.0,1.0
8532434830,True,1761659520,2118,18863,19,14,9338413,,9247354,,1028595.0,1.0
8532316401,True,1761655258,2564,18863,21,13,9338413,,9247354,,1028595.0,1.0
8532223085,True,1761649850,1797,18863,40,9,9823272,,8291895,,1028562.0,1.0
8532150044,False,1761645600,2384,18863,9,38,8291895,,9823272,,1028562.0,1.0
8532090226,False,1761642001,1832,18863,15,34,9823272,,8291895,,1028562.0,1.0
8531584014,True,1761596280,2070,18863,32,9,9303484,,726228,,1028386.0,1.0
8531504889,False,1761592500,1943,18863,11,39,9303484,,726228,,1028386.0,1.0
8531359648,False,1761586260,4501,18863,27,38,726228,,9303484,,1028386.0,1.0
8531221816,True,1761580800,2310,18863,23,20,9338413,,9467224,,1028291.0,1.0
8531103673,False,1761576420,2555,18863,13,31,9338413,,9467224,,1028291.0,1.0
8531000461,True,1761572880,1749,18863,23,12,9338413,,9467224,,1028291.0,1.0
8530855505,False,1761566930,2912,18863,30,46,9824702,,2163,,1028251.0,1.0
8530762989,True,1761562815,2302,18863,38,10,2163,,9824702,,1028251.0,1.0
8530181004,True,1761514193,2656,18863,21,13,9823272,,9467224,,1028044.0,1.0
8530106006,False,1761510233,2058,18863,7,31,9467224,,9823272,,1028044.0,1.0
8529979269,False,1761504894,3623,18863,30,34,9823272,,9467224,,1028044.0,1.0
8529940681,True,1761503040,2131,18863,39,12,726228,,9928403,,1028001.0,1.0
8529852915,True,1761499642,1747,18863,20,11,726228,,9928403,,1028001.0,1.0
8529834731,True,1761499142,2772,18863,41,9,8255888,,9824702,,1027927.0,1.0
8529703467,True,1761494279,2976,18863,26,16,8255888,,9824702,,1027927.0,1.0
8529703221,False,1761494340,1883,18863,7,27,9758040,,9303484,,1027925.0,1.0
8529571832,True,1761489795,2653,18863,29,16,9824702,,8255888,,1027927.0,1.0
8529560732,True,1761489841,2751,18863,34,23,9303484,,9758040,,1027925.0,1.0
8529399494,False,1761484434,2277,18863,25,33,2163,,8291895,,1027829.0,1.0
8529370680,False,1761483480,2921,18863,15,30,7554697,,9338413,,1027828.0,1.0
8529291504,True,1761480966,1685,18863,30,14,2163,,8291895,,1027829.0,1.0
8529257007,False,1761479340,2491,18863,14,22,9338413,,7554697,,1027828.0,1.0
8529178164,True,1761476426,2621,18863,46,23,8291895,,2163,,1027829.0,1.0
8529172703,True,1761476400,1272,18863,23,2,9338413,,7554697,,1027828.0,1.0
8528426776,False,1761427917,2888,18863,12,32,9467224,,7119388,,1027553.0,1.0
8528334065,False,1761423354,2892,18863,20,39,7119388,,9467224,,1027553.0,1.0
8528227419,False,1761419096,2448,18863,6,33,9467224,,7119388,,1027553.0,1.0
8528159562,True,1761416220,1939,18863,24,11,9824702,,9928403,,1027498.0,1.0
8528068483,False,1761412860,2789,18863,14,33,8255888,,9247354,,1027424.0,1.0
8528036450,True,1761412140,2049,18863,25,13,9824702,,9928403,,1027498.0,1.0
8527923420,True,1761408176,2985,18863,27,23,8255888,,9247354,,1027424.0,1.0
8527867067,False,1761406200,2797,18863,20,30,726228,,2163,,1027411.0,1.0
8527782901,False,1761403677,2754,18863,15,29,8255888,,9247354,,1027424.0,1.0
8527739518,True,1761402120,2247,18863,21,11,2163,,726228,,1027411.0,1.0
8527610890,True,1761397549,1714,18863,22,5,9338413,,9351740,,1027327.0,1.0
8527608636,False,1761397693,2608,18863,25,43,7554697,,8291895,,1027291.0,1.0
8527509209,True,1761394380,1283,18863,15,7,9338413,,9351740,,1027327.0,1.0
8527489896,False,1761393061,2624,18863,19,36,7554697,,8291895,,1027291.0,1.0
8527395643,True,1761388980,2207,18863,32,11,9758040,,9895392,,1027229.0,1.0
8527386933,True,1761388538,2753,18863,42,29,7554697,,8291895,,1027291.0,1.0
8527314625,False,1761384780,2683,18863,22,36,9758040,,9895392,,1027229.0,1.0
8527277198,False,1761382796,2424,18863,18,41,9303484,,9823272,,1027233.0,1.0
8527206687,False,1761379239,1815,18863,10,31,9303484,,9823272,,1027233.0,1.0
8527204055,True,1761379202,3829,18863,37,19,9758040,,9895392,,1027229.0,1.0
8526600683,True,1761335680,2133,18863,26,11,9247354,,2163,,1027046.0,1.0
8526490218,True,1761330840,2411,18863,33,7,9928403,,9338413,,1026975.0,1.0
8526490115,False,1761331078,2774,18863,16,34,2163,,9247354,,1027046.0,1.0
8526395799,False,1761327182,1950,18863,7,21,9928403,,9338413,,1026975.0,1.0
8526364023,False,1761325919,2035,18863,20,28,9303484,,7119388,,1026959.0,1.0
8526287192,False,1761323441,2223,18863,15,36,9338413,,9928403,,1026975.0,1.0
8526253311,False,1761321767,2449,18863,19,25,9303484,,7119388,,1026959.0,1.0
8526162093,True,1761318840,1617,18863,32,12,9823272,,9351740,,1026921.0,1.0
8526077489,False,1761315839,2842,18863,14,26,9824702,,9467224,,1026887.0,1.0
8526048356,False,1761315001,2028,18863,11,34,9351740,,9823272,,1026921.0,1.0
8525964685,True,1761311620,2411,18863,26,9,9824702,,9467224,,1026887.0,1.0
8525923442,True,1761309961,1988,18863,29,11,7554697,,9758040,,1026874.0,1.0
8525841888,True,1761306618,3128,18863,31,13,9467224,,9824702,,1026887.0,1.0
8525837322,False,1761306061,2316,18863,15,29,9758040,,7554697,,1026874.0,1.0
8525767585,True,1761302296,2059,18863,32,19,9758040,,7554697,,1026874.0,1.0
8525750149,True,1761301336,2226,18863,38,18,8255888,,8291895,,1026855.0,1.0
8525701054,True,1761297917,1560,18863,27,3,8291895,,8255888,,1026855.0,1.0
8525675271,False,1761296402,3042,18863,17,22,9895392,,726228,,1026854.0,1.0
8525624245,True,1761292871,3398,18863,37,35,8255888,,8291895,,1026855.0,1.0
8525624195,True,1761292806,1869,18863,27,6,726228,,9895392,,1026854.0,1.0
8525176208,True,1761250875,1563,18863,42,6,7119388,,9823272,,1026627.0,1.0
8525092804,False,1761246899,2173,18863,12,28,9823272,,7119388,,1026627.0,1.0
8525084966,False,1761246500,2179,18863,12,33,9338413,,9247354,,1026538.0,1.0
8524964454,True,1761241621,3084,18863,40,20,9338413,,9247354,,1026538.0,1.0
8524945673,True,1761240348,3262,18863,42,32,9824702,,7554697,,1026516.0,1.0
8524864184,False,1761237477,2384,18863,12,20,9338413,,9247354,,1026538.0,1.0
8524839031,False,1761235956,2763,18863,24,36,9824702,,7554697,,1026516.0,1.0
8524739657,False,1761232414,1885,18863,9,40,726228,,8291895,,1026475.0,1.0
8524727225,False,1761231900,2226,18863,18,25,7554697,,9824702,,1026516.0,1.0
8524635400,True,1761228632,1917,18863,27,16,726228,,8291895,,1026475.0,1.0
8524582731,False,1761226521,2388,18863,7,23,9895392,,8255888,,1026464.0,1.0
8524526299,False,1761224523,2195,18863,11,30,726228,,8291895,,1026475.0,1.0
8524466226,True,1761221746,3189,18863,32,24,8255888,,9895392,,1026464.0,1.0
8524424099,True,1761219761,1582,18863,33,9,2163,,9928403,,1026452.0,1.0
8524359859,True,1761216074,2350,18863,42,17,9303484,,9351740,,1026443.0,1.0
8524344903,True,1761215914,1961,18863,22,13,2163,,9928403,,1026452.0,1.0
8524282610,False,1761211048,2397,18863,23,33,9303484,,9351740,,1026443.0,1.0
8524279497,False,1761210583,1935,18863,9,24,9758040,,9467224,,1026442.0,1.0
8524227494,False,1761206488,2688,18863,21,35,9351740,,9303484,,1026443.0,1.0
8524223314,False,1761206631,2275,18863,11,27,9758040,,9467224,,1026442.0,1.0
8692761931,True,1771185630,1947,19099,33,10,2163,,36,,1065068.0,2.0
8692691067,False,1771181772,2040,19099,17,42,36,,2163,,1064947.0,2.0
8692497249,False,1771174570,3808,19099,43,49,2163,,36,,1064947.0,2.0
8692381181,False,1771169368,1982,19099,16,29,36,,2163,,1064947.0,2.0
8691428241,True,1771108666,2426,19099,27,10,36,,9823272,,1064645.0,2.0
8691341665,False,1771103039,3645,19099,38,31,9823272,,36,,1064645.0,2.0
8691221504,True,1771096808,2935,19099,36,22,9823272,,36,,1064645.0,2.0
8691152810,False,1771093523,1435,19099,11,28,9823272,,36,,1064645.0,2.0
8691060575,True,1771089661,2021,19099,28,6,9823272,,36,,1064645.0,2.0
8690871387,True,1771081498,5107,19099,32,36,2163,,2586976,,1064569.0,2.0
8690770904,False,1771077425,2301,19099,17,27,2586976,,2163,,1064569.0,2.0
8690685211,True,1771074038,1459,19099,20,8,2163,,2586976,,1064569.0,2.0
8690043972,True,1771024868,2795,19099,30,20,9823272,,9303484,,1064393.0,2.0
8689976673,True,1771019456,2764,19099,40,21,9823272,,9303484,,1064393.0,2.0
8689898665,False,1771014662,2754,19099,21,30,9303484,,9823272,,1064393.0,2.0
8689821393,False,1771010701,2011,19099,10,26,9823272,,9303484,,1064393.0,2.0
8689716934,False,1771005677,2254,19099,19,35,9247354,,2163,,1064245.0,2.0
8689610128,True,1771000883,2581,19099,37,18,9247354,,2163,,1064245.0,2.0
8689505222,True,1770996345,2087,19099,35,17,2163,,9247354,,1064245.0,2.0
8689410743,False,1770992458,1951,19099,18,46,9247354,,2163,,1064245.0,2.0
8689312274,False,1770987833,2673,19099,12,26,2163,,9247354,,1064245.0,2.0
8683333901,True,1770572739,2204,19099,23,18,2163,,9964962,,1062892.0,1.0
8683239884,False,1770569139,1645,19099,9,34,9964962,,2163,,1062892.0,1.0
8683127512,False,1770564385,2384,19099,11,36,8291895,,9303484,,1062830.0,1.0
8682972538,False,1770559010,3387,19099,9,25,8291895,,9303484,,1062830.0,1.0
8681759092,True,1770486161,3227,19099,21,13,9247354,,8261500,,1062499.0,1.0
8681659188,False,1770481846,2325,19099,16,24,8261500,,9247354,,1062499.0,1.0
8681524068,False,1770476687,3111,19099,18,32,7119388,,9823272,,1062437.0,1.0
8681420176,False,1770472548,2253,19099,10,26,7119388,,9823272,,1062437.0,1.0
8680386178,False,1770405695,2320,19099,11,42,9338413,,9964962,,1062162.0,1.0
8680299422,False,1770401793,2109,19099,16,34,9964962,,9338413,,1062162.0,1.0
8680195641,False,1770397338,2570,19099,8,29,9338413,,9964962,,1062162.0,1.0
8680063852,False,1770391993,3125,19099,27,41,9828897,,9303484,,1062103.0,1.0
8679911370,True,1770386155,3812,19099,44,27,9303484,,9828897,,1062103.0,1.0
8679156367,False,1770325944,3059,19099,44,36,9303484,,9338413,,1061902.0,0.0
8679084070,True,1770321314,2977,19099,34,23,9247354,,8291895,,1061873.0,0.0
8679080712,False,1770321123,2053,19099,22,38,9828897,,7119388,,1061871.0,0.0
8679012467,True,1770317443,2009,19099,37,11,9964962,,9823272,,1061851.0,0.0
8678990124,False,1770316318,3308,19099,19,26,8261500,,36,,1061845.0,0.0
8678941086,True,1770313921,1821,19099,25,7,2163,,9303484,,1061833.0,0.0
8678917696,False,1770312805,1983,19099,5,30,9828897,,2586976,,1061829.0,0.0
8678833793,False,1770308910,3405,19099,37,42,9338413,,9964962,,1061810.0,0.0
8678799687,True,1770307413,3779,19099,53,24,9823272,,9247354,,1061802.0,0.0
8678737586,True,1770304711,2280,19099,29,17,7119388,,8291895,,1061789.0,0.0
8678680298,True,1770302314,3491,19099,31,12,9303484,,36,,1061784.0,0.0
8678634168,False,1770300405,2646,19099,24,27,9828897,,8261500,,1061778.0,0.0
8678580370,True,1770298191,2709,19099,47,19,2586976,,8291895,,1061773.0,0.0
8678549217,False,1770296846,1578,19099,4,35,9964962,,2163,,1061761.0,0.0
8678479418,False,1770293575,3041,19099,17,28,7119388,,9247354,,1061752.0,0.0
8678464003,True,1770292790,2288,19099,34,12,9338413,,9823272,,1061748.0,0.0
8678410902,False,1770289782,2188,19099,12,30,9964962,,36,,1061740.0,0.0
8678406332,True,1770289501,1434,19099,23,7,9303484,,9828897,,1061739.0,0.0
8678359390,True,1770286282,1897,19099,26,10,8291895,,8261500,,1061732.0,0.0
8678352653,False,1770285781,1817,19099,8,27,2163,,9823272,,1061729.0,0.0
8678303787,False,1770281927,2822,19099,26,23,2586976,,7119388,,1061724.0,0.0
8678301907,False,1770281770,2074,19099,9,37,9338413,,9247354,,1061721.0,0.0
8677905488,True,1770240634,2783,19099,39,18,2163,,8261500,,1061621.0,0.0
8677862485,False,1770237531,3476,19099,18,30,2586976,,36,,1061606.0,0.0
8677839869,False,1770236156,2829,19099,32,25,9303484,,8291895,,1061602.0,0.0
8677811159,True,1770234541,1198,19099,27,1,9964962,,9828897,,1061592.0,0.0
8677761527,False,1770231824,2476,19099,17,32,7119388,,8261500,,1061580.0,0.0
8677741097,False,1770230745,2146,19099,7,34,36,,9823272,,1061573.0,0.0
8677673569,True,1770227384,2719,19099,38,24,2586976,,9247354,,1061545.0,0.0
8677667228,False,1770227076,2011,19099,27,32,2163,,9338413,,1061543.0,0.0
8677590159,False,1770223428,1586,19099,9,27,9828897,,9823272,,1061526.0,0.0
8677589717,False,1770223406,2367,19099,17,34,9964962,,8291895,,1061525.0,0.0
8677505029,False,1770219598,2237,19099,11,52,9338413,,36,,1061510.0,0.0
8677493033,True,1770219081,2696,19099,39,18,9303484,,7119388,,1061508.0,0.0
8677394706,False,1770214922,2413,19099,12,28,2586976,,8261500,,1061486.0,0.0
8677377717,False,1770214226,3797,19099,39,36,9247354,,2163,,1061481.0,0.0
8677298233,True,1770210919,2475,19099,30,6,7119388,,9964962,,1061471.0,0.0
8677265480,False,1770209450,2970,19099,22,36,9823272,,8291895,,1061461.0,0.0
8677212065,True,1770206830,2284,19099,34,15,9828897,,9338413,,1061449.0,0.0
8677172021,True,1770204607,3265,19099,39,6,9303484,,2586976,,1061443.0,0.0
8677094950,False,1770199384,3291,19099,17,27,8261500,,9247354,,1061436.0,0.0
8677092883,True,1770199224,5061,19099,51,35,2163,,36,,1061434.0,0.0
8677045357,False,1770195444,2253,19099,16,36,9338413,,8291895,,1061429.0,0.0
8677045158,False,1770195428,2063,19099,8,34,7119388,,9823272,,1061428.0,0.0
8676614175,True,1770152283,1900,19099,32,10,2163,,9828897,,1061308.0,0.0
8676606186,False,1770151740,1870,19099,19,29,9964962,,2586976,,1061307.0,0.0
8676532526,False,1770147284,3396,19099,38,16,9303484,,8261500,,1061280.0,0.0
8676531668,False,1770147239,2912,19099,21,23,9247354,,36,,1061279.0,0.0
8676474878,True,1770144240,945,19099,19,1,9338413,,7119388,,1061259.0,0.0
8676439835,True,1770142498,3116,19099,35,11,2586976,,9823272,,1061250.0,0.0
8676399865,False,1770140520,2100,19099,8,31,9964962,,8261500,,1061237.0,0.0
8676333293,False,1770137376,3355,19099,12,30,2163,,8291895,,1061227.0,0.0
8676297509,False,1770135744,3170,19099,37,39,9828897,,36,,1061222.0,0.0
8676235420,False,1770132999,2500,19099,20,27,9303484,,9247354,,1061215.0,0.0
8676214148,True,1770132090,1883,19099,28,12,2586976,,9338413,,1061213.0,0.0
8676144334,True,1770129171,2030,19099,38,9,2163,,7119388,,1061206.0,0.0
8676133151,True,1770128711,2272,19099,30,7,9823272,,8261500,,1061205.0,0.0
8676043517,False,1770125192,2293,19099,12,19,8291895,,36,,1061197.0,0.0
8676004943,True,1770123606,2441,19099,27,15,9964962,,9303484,,1061186.0,0.0
8675957583,False,1770121452,2147,19099,10,26,9828897,,9247354,,1061182.0,0.0
8675934481,False,1770120314,2505,19099,18,30,9338413,,8261500,,1061173.0,0.0
8675882674,False,1770117425,2410,19099,18,39,2163,,2586976,,1061169.0,0.0
8675848583,False,1770115260,1947,19099,6,23,9823272,,9303484,,1061166.0,0.0
8675821146,True,1770113347,2542,19099,32,19,7119388,,36,,1061164.0,0.0
8675768384,True,1770109234,4337,19099,37,34,8291895,,9828897,,1061159.0,0.0
8675766030,True,1770109054,2573,19099,30,16,9964962,,9247354,,1061158.0,0.0
